model	rho	rep	v_recovery
MixVMF	0.0	0	0.9975965619087219
MixVMF	0.0	1	0.9965217709541321
MixVMF	0.0	2	0.9979950189590454
MixVMF	0.0	3	0.9975255131721497
MixVMF	0.0	4	0.9974457621574402
MixVMF	0.0	5	0.9972497820854187
MixVMF	0.0	6	0.9978559613227844
MixVMF	0.0	7	0.997732937335968
MixVMF	0.0	8	0.9968880414962769
MixVMF	0.0	9	0.9975239634513855
MixVMF	0.0	10	0.9972944259643555
MixVMF	0.0	11	0.997404932975769
MixVMF	0.0	12	0.9975497126579285
MixVMF	0.0	13	0.9969396591186523
MixVMF	0.0	14	0.9977523684501648
MixVMF	0.0	15	0.9964956045150757
MixVMF	0.0	16	0.9971804618835449
MixVMF	0.0	17	0.9973829984664917
MixVMF	0.0	18	0.997658371925354
MixVMF	0.0	19	0.9979055523872375
MixVMF	0.1	0	0.995807945728302
MixVMF	0.1	1	0.9963525533676147
MixVMF	0.1	2	0.9968076944351196
MixVMF	0.1	3	0.9962681531906128
MixVMF	0.1	4	0.9974783658981323
MixVMF	0.1	5	0.9964022636413574
MixVMF	0.1	6	0.9967746734619141
MixVMF	0.1	7	0.9963766932487488
MixVMF	0.1	8	0.9970407485961914
MixVMF	0.1	9	0.9969726800918579
MixVMF	0.1	10	0.9963834881782532
MixVMF	0.1	11	0.9958505630493164
MixVMF	0.1	12	0.9964616894721985
MixVMF	0.1	13	0.9970521926879883
MixVMF	0.1	14	0.9967291951179504
MixVMF	0.1	15	0.9963277578353882
MixVMF	0.1	16	0.9964405298233032
MixVMF	0.1	17	0.9964514970779419
MixVMF	0.1	18	0.9959432482719421
MixVMF	0.1	19	0.996699333190918
MixVMF	0.2	0	0.9950966835021973
MixVMF	0.2	1	0.9955452680587769
MixVMF	0.2	2	0.9941554069519043
MixVMF	0.2	3	0.9959546327590942
MixVMF	0.2	4	0.9951773881912231
MixVMF	0.2	5	0.9950329661369324
MixVMF	0.2	6	0.9954015612602234
MixVMF	0.2	7	0.9951238632202148
MixVMF	0.2	8	0.9958268404006958
MixVMF	0.2	9	0.9956952333450317
MixVMF	0.2	10	0.9954673051834106
MixVMF	0.2	11	0.9960448145866394
MixVMF	0.2	12	0.9953835606575012
MixVMF	0.2	13	0.9937585592269897
MixVMF	0.2	14	0.9954264760017395
MixVMF	0.2	15	0.9952465891838074
MixVMF	0.2	16	0.995466411113739
MixVMF	0.2	17	0.9950186014175415
MixVMF	0.2	18	0.99571692943573
MixVMF	0.2	19	0.9951626062393188
MixVMF	0.3	0	0.9916321039199829
MixVMF	0.3	1	0.9922078251838684
MixVMF	0.3	2	0.9910937547683716
MixVMF	0.3	3	0.9939618110656738
MixVMF	0.3	4	0.9936162829399109
MixVMF	0.3	5	0.9936121702194214
MixVMF	0.3	6	0.8968315124511719
MixVMF	0.3	7	0.9948009252548218
MixVMF	0.3	8	0.9926490783691406
MixVMF	0.3	9	0.9928911328315735
MixVMF	0.3	10	0.992021918296814
MixVMF	0.3	11	0.9918463826179504
MixVMF	0.3	12	0.9940363168716431
MixVMF	0.3	13	0.99371337890625
MixVMF	0.3	14	0.8545109033584595
MixVMF	0.3	15	0.9933640360832214
MixVMF	0.3	16	0.9928987622261047
MixVMF	0.3	17	0.9903846979141235
MixVMF	0.3	18	0.9917446374893188
MixVMF	0.3	19	0.9924934506416321
MixVMF	0.4	0	0.9912492632865906
MixVMF	0.4	1	0.9862659573554993
MixVMF	0.4	2	0.9876254796981812
MixVMF	0.4	3	0.9885331392288208
MixVMF	0.4	4	0.9893625974655151
MixVMF	0.4	5	0.9843131899833679
MixVMF	0.4	6	0.9902092814445496
MixVMF	0.4	7	0.9895815849304199
MixVMF	0.4	8	0.9878284335136414
MixVMF	0.4	9	0.9917367696762085
MixVMF	0.4	10	0.9902054071426392
MixVMF	0.4	11	0.9891974329948425
MixVMF	0.4	12	0.9868987798690796
MixVMF	0.4	13	0.9863632321357727
MixVMF	0.4	14	0.9889470338821411
MixVMF	0.4	15	0.9880176782608032
MixVMF	0.4	16	0.9872862696647644
MixVMF	0.4	17	0.9899023771286011
MixVMF	0.4	18	0.9871314167976379
MixVMF	0.4	19	0.989126980304718
MixVMF	0.5	0	0.982779324054718
MixVMF	0.5	1	0.9817913770675659
MixVMF	0.5	2	0.982300877571106
MixVMF	0.5	3	0.9804158210754395
MixVMF	0.5	4	0.9861176609992981
MixVMF	0.5	5	0.9833739399909973
MixVMF	0.5	6	0.9860275387763977
MixVMF	0.5	7	0.9782926440238953
MixVMF	0.5	8	0.9840113520622253
MixVMF	0.5	9	0.9747499227523804
MixVMF	0.5	10	0.9867728352546692
MixVMF	0.5	11	0.8637169599533081
MixVMF	0.5	12	0.9823698997497559
MixVMF	0.5	13	0.9820205569267273
MixVMF	0.5	14	0.8352257609367371
MixVMF	0.5	15	0.9861221313476562
MixVMF	0.5	16	0.9861842393875122
MixVMF	0.5	17	0.8544894456863403
MixVMF	0.5	18	0.9867189526557922
MixVMF	0.5	19	0.983052134513855
MixVMF	0.6	0	0.877267062664032
MixVMF	0.6	1	0.8305515050888062
MixVMF	0.6	2	0.9773944616317749
MixVMF	0.6	3	0.9648106694221497
MixVMF	0.6	4	0.9702162742614746
MixVMF	0.6	5	0.9785208702087402
MixVMF	0.6	6	0.9144905209541321
MixVMF	0.6	7	0.9796336889266968
MixVMF	0.6	8	0.8617067337036133
MixVMF	0.6	9	0.9763734936714172
MixVMF	0.6	10	0.8377910852432251
MixVMF	0.6	11	0.9726397395133972
MixVMF	0.6	12	0.8771120309829712
MixVMF	0.6	13	0.9726570248603821
MixVMF	0.6	14	0.9726858139038086
MixVMF	0.6	15	0.8385168313980103
MixVMF	0.6	16	0.9733020067214966
MixVMF	0.6	17	0.8213106393814087
MixVMF	0.6	18	0.9766340255737305
MixVMF	0.6	19	0.8397213220596313
MixVMF	0.7	0	0.9432382583618164
MixVMF	0.7	1	0.8881919980049133
MixVMF	0.7	2	0.8348577618598938
MixVMF	0.7	3	0.751975953578949
MixVMF	0.7	4	0.8275036811828613
MixVMF	0.7	5	0.8358931541442871
MixVMF	0.7	6	0.9566406011581421
MixVMF	0.7	7	0.8379232287406921
MixVMF	0.7	8	0.8294558525085449
MixVMF	0.7	9	0.9582635164260864
MixVMF	0.7	10	0.7772989273071289
MixVMF	0.7	11	0.8296018838882446
MixVMF	0.7	12	0.8667386770248413
MixVMF	0.7	13	0.6893180012702942
MixVMF	0.7	14	0.8038893938064575
MixVMF	0.7	15	0.7605499625205994
MixVMF	0.7	16	0.825562596321106
MixVMF	0.7	17	0.8775359392166138
MixVMF	0.7	18	0.9593942761421204
MixVMF	0.7	19	0.8578085899353027
MixVMF (parcel kappa)	0.0	0	0.9975615739822388
MixVMF (parcel kappa)	0.0	1	0.9965936541557312
MixVMF (parcel kappa)	0.0	2	0.9979985952377319
MixVMF (parcel kappa)	0.0	3	0.9975651502609253
MixVMF (parcel kappa)	0.0	4	0.9975431561470032
MixVMF (parcel kappa)	0.0	5	0.9971469044685364
MixVMF (parcel kappa)	0.0	6	0.9977911710739136
MixVMF (parcel kappa)	0.0	7	0.9979187250137329
MixVMF (parcel kappa)	0.0	8	0.9969559907913208
MixVMF (parcel kappa)	0.0	9	0.9975523948669434
MixVMF (parcel kappa)	0.0	10	0.9972877502441406
MixVMF (parcel kappa)	0.0	11	0.9973956346511841
MixVMF (parcel kappa)	0.0	12	0.9974561929702759
MixVMF (parcel kappa)	0.0	13	0.9970224499702454
MixVMF (parcel kappa)	0.0	14	0.997778058052063
MixVMF (parcel kappa)	0.0	15	0.9966098666191101
MixVMF (parcel kappa)	0.0	16	0.9971978068351746
MixVMF (parcel kappa)	0.0	17	0.9975326657295227
MixVMF (parcel kappa)	0.0	18	0.9975490570068359
MixVMF (parcel kappa)	0.0	19	0.9978407025337219
MixVMF (parcel kappa)	0.1	0	0.99555903673172
MixVMF (parcel kappa)	0.1	1	0.9963534474372864
MixVMF (parcel kappa)	0.1	2	0.9968393445014954
MixVMF (parcel kappa)	0.1	3	0.9437375068664551
MixVMF (parcel kappa)	0.1	4	0.9973359107971191
MixVMF (parcel kappa)	0.1	5	0.9964458346366882
MixVMF (parcel kappa)	0.1	6	0.9965079426765442
MixVMF (parcel kappa)	0.1	7	0.9004847407341003
MixVMF (parcel kappa)	0.1	8	0.8730875253677368
MixVMF (parcel kappa)	0.1	9	0.9970613718032837
MixVMF (parcel kappa)	0.1	10	0.9959561228752136
MixVMF (parcel kappa)	0.1	11	0.9961197972297668
MixVMF (parcel kappa)	0.1	12	0.867928147315979
MixVMF (parcel kappa)	0.1	13	0.9969999194145203
MixVMF (parcel kappa)	0.1	14	0.8678210377693176
MixVMF (parcel kappa)	0.1	15	0.99659663438797
MixVMF (parcel kappa)	0.1	16	0.9149647951126099
MixVMF (parcel kappa)	0.1	17	0.8860737085342407
MixVMF (parcel kappa)	0.1	18	0.9578742980957031
MixVMF (parcel kappa)	0.1	19	0.9968072175979614
MixVMF (parcel kappa)	0.2	0	0.918658435344696
MixVMF (parcel kappa)	0.2	1	0.9141486883163452
MixVMF (parcel kappa)	0.2	2	0.8912250399589539
MixVMF (parcel kappa)	0.2	3	0.8630766868591309
MixVMF (parcel kappa)	0.2	4	0.9932293891906738
MixVMF (parcel kappa)	0.2	5	0.8705974817276001
MixVMF (parcel kappa)	0.2	6	0.906546413898468
MixVMF (parcel kappa)	0.2	7	0.9019878506660461
MixVMF (parcel kappa)	0.2	8	0.8913999795913696
MixVMF (parcel kappa)	0.2	9	0.8840791583061218
MixVMF (parcel kappa)	0.2	10	0.8932072520256042
MixVMF (parcel kappa)	0.2	11	0.8674951791763306
MixVMF (parcel kappa)	0.2	12	0.9071578979492188
MixVMF (parcel kappa)	0.2	13	0.8984757661819458
MixVMF (parcel kappa)	0.2	14	0.9130131006240845
MixVMF (parcel kappa)	0.2	15	0.8398808240890503
MixVMF (parcel kappa)	0.2	16	0.8958691358566284
MixVMF (parcel kappa)	0.2	17	0.8504912257194519
MixVMF (parcel kappa)	0.2	18	0.9081345796585083
MixVMF (parcel kappa)	0.2	19	0.8475662469863892
MixVMF (parcel kappa)	0.3	0	0.8562287092208862
MixVMF (parcel kappa)	0.3	1	0.8424531817436218
MixVMF (parcel kappa)	0.3	2	0.8857383728027344
MixVMF (parcel kappa)	0.3	3	0.9024108052253723
MixVMF (parcel kappa)	0.3	4	0.9204727411270142
MixVMF (parcel kappa)	0.3	5	0.9946643710136414
MixVMF (parcel kappa)	0.3	6	0.8482397794723511
MixVMF (parcel kappa)	0.3	7	0.8460933566093445
MixVMF (parcel kappa)	0.3	8	0.8673822283744812
MixVMF (parcel kappa)	0.3	9	0.9086360931396484
MixVMF (parcel kappa)	0.3	10	0.8704649806022644
MixVMF (parcel kappa)	0.3	11	0.8835741281509399
MixVMF (parcel kappa)	0.3	12	0.912017822265625
MixVMF (parcel kappa)	0.3	13	0.9056209325790405
MixVMF (parcel kappa)	0.3	14	0.8607223629951477
MixVMF (parcel kappa)	0.3	15	0.8993179202079773
MixVMF (parcel kappa)	0.3	16	0.9704086184501648
MixVMF (parcel kappa)	0.3	17	0.9214096069335938
MixVMF (parcel kappa)	0.3	18	0.8960363268852234
MixVMF (parcel kappa)	0.3	19	0.8576545715332031
MixVMF (parcel kappa)	0.4	0	0.9259878993034363
MixVMF (parcel kappa)	0.4	1	0.8087413907051086
MixVMF (parcel kappa)	0.4	2	0.8868769407272339
MixVMF (parcel kappa)	0.4	3	0.8533319234848022
MixVMF (parcel kappa)	0.4	4	0.9141189455986023
MixVMF (parcel kappa)	0.4	5	0.8125709295272827
MixVMF (parcel kappa)	0.4	6	0.8538365364074707
MixVMF (parcel kappa)	0.4	7	0.8687723278999329
MixVMF (parcel kappa)	0.4	8	0.8411720395088196
MixVMF (parcel kappa)	0.4	9	0.9088627696037292
MixVMF (parcel kappa)	0.4	10	0.810329794883728
MixVMF (parcel kappa)	0.4	11	0.8475700616836548
MixVMF (parcel kappa)	0.4	12	0.8723455667495728
MixVMF (parcel kappa)	0.4	13	0.7954803705215454
MixVMF (parcel kappa)	0.4	14	0.9841727018356323
MixVMF (parcel kappa)	0.4	15	0.853930652141571
MixVMF (parcel kappa)	0.4	16	0.8831198811531067
MixVMF (parcel kappa)	0.4	17	0.856552243232727
MixVMF (parcel kappa)	0.4	18	0.7838937640190125
MixVMF (parcel kappa)	0.4	19	0.8963268399238586
MixVMF (parcel kappa)	0.5	0	0.9584923982620239
MixVMF (parcel kappa)	0.5	1	0.8599144816398621
MixVMF (parcel kappa)	0.5	2	0.8476365208625793
MixVMF (parcel kappa)	0.5	3	0.8442465662956238
MixVMF (parcel kappa)	0.5	4	0.9820365905761719
MixVMF (parcel kappa)	0.5	5	0.769321620464325
MixVMF (parcel kappa)	0.5	6	0.8208942413330078
MixVMF (parcel kappa)	0.5	7	0.8524665832519531
MixVMF (parcel kappa)	0.5	8	0.8587684631347656
MixVMF (parcel kappa)	0.5	9	0.9186829328536987
MixVMF (parcel kappa)	0.5	10	0.9488514065742493
MixVMF (parcel kappa)	0.5	11	0.8450330495834351
MixVMF (parcel kappa)	0.5	12	0.9704305529594421
MixVMF (parcel kappa)	0.5	13	0.7838584184646606
MixVMF (parcel kappa)	0.5	14	0.833890438079834
MixVMF (parcel kappa)	0.5	15	0.8348715901374817
MixVMF (parcel kappa)	0.5	16	0.8743599057197571
MixVMF (parcel kappa)	0.5	17	0.7890086770057678
MixVMF (parcel kappa)	0.5	18	0.9352092742919922
MixVMF (parcel kappa)	0.5	19	0.9310473203659058
MixVMF (parcel kappa)	0.6	0	0.8758586049079895
MixVMF (parcel kappa)	0.6	1	0.9699664115905762
MixVMF (parcel kappa)	0.6	2	0.854629397392273
MixVMF (parcel kappa)	0.6	3	0.7685918211936951
MixVMF (parcel kappa)	0.6	4	0.7635611295700073
MixVMF (parcel kappa)	0.6	5	0.8533773422241211
MixVMF (parcel kappa)	0.6	6	0.7350996732711792
MixVMF (parcel kappa)	0.6	7	0.8256848454475403
MixVMF (parcel kappa)	0.6	8	0.9040878415107727
MixVMF (parcel kappa)	0.6	9	0.8255297541618347
MixVMF (parcel kappa)	0.6	10	0.8906814455986023
MixVMF (parcel kappa)	0.6	11	0.7563384771347046
MixVMF (parcel kappa)	0.6	12	0.8741471171379089
MixVMF (parcel kappa)	0.6	13	0.8668978810310364
MixVMF (parcel kappa)	0.6	14	0.7419623136520386
MixVMF (parcel kappa)	0.6	15	0.8092543482780457
MixVMF (parcel kappa)	0.6	16	0.8462583422660828
MixVMF (parcel kappa)	0.6	17	0.8683770298957825
MixVMF (parcel kappa)	0.6	18	0.777093768119812
MixVMF (parcel kappa)	0.6	19	0.7842655181884766
MixVMF (parcel kappa)	0.7	0	0.6644481420516968
MixVMF (parcel kappa)	0.7	1	0.7507771253585815
MixVMF (parcel kappa)	0.7	2	0.7084733843803406
MixVMF (parcel kappa)	0.7	3	0.7776361703872681
MixVMF (parcel kappa)	0.7	4	0.7205004692077637
MixVMF (parcel kappa)	0.7	5	0.8314042091369629
MixVMF (parcel kappa)	0.7	6	0.8565124273300171
MixVMF (parcel kappa)	0.7	7	0.7799051403999329
MixVMF (parcel kappa)	0.7	8	0.836236834526062
MixVMF (parcel kappa)	0.7	9	0.8038894534111023
MixVMF (parcel kappa)	0.7	10	0.847241997718811
MixVMF (parcel kappa)	0.7	11	0.6824247241020203
MixVMF (parcel kappa)	0.7	12	0.773013710975647
MixVMF (parcel kappa)	0.7	13	0.6885820031166077
MixVMF (parcel kappa)	0.7	14	0.6869394183158875
MixVMF (parcel kappa)	0.7	15	0.6765116453170776
MixVMF (parcel kappa)	0.7	16	0.9520212411880493
MixVMF (parcel kappa)	0.7	17	0.8225105404853821
MixVMF (parcel kappa)	0.7	18	0.8723642230033875
MixVMF (parcel kappa)	0.7	19	0.7413568496704102
MixVMFNoise	0.0	0	0.9975085258483887
MixVMFNoise	0.0	1	0.9965821504592896
MixVMFNoise	0.0	2	0.9980140924453735
MixVMFNoise	0.0	3	0.876102089881897
MixVMFNoise	0.0	4	0.9974979162216187
MixVMFNoise	0.0	5	0.9971982836723328
MixVMFNoise	0.0	6	0.9976484179496765
MixVMFNoise	0.0	7	0.9977656602859497
MixVMFNoise	0.0	8	0.9969326257705688
MixVMFNoise	0.0	9	0.9974981546401978
MixVMFNoise	0.0	10	0.9973466992378235
MixVMFNoise	0.0	11	0.9973751306533813
MixVMFNoise	0.0	12	0.9973522424697876
MixVMFNoise	0.0	13	0.99701988697052
MixVMFNoise	0.0	14	0.9975680112838745
MixVMFNoise	0.0	15	0.9965408444404602
MixVMFNoise	0.0	16	0.9972650408744812
MixVMFNoise	0.0	17	0.997515857219696
MixVMFNoise	0.0	18	0.9975377917289734
MixVMFNoise	0.0	19	0.9978654980659485
MixVMFNoise	0.1	0	0.9968061447143555
MixVMFNoise	0.1	1	0.9969117045402527
MixVMFNoise	0.1	2	0.9973397254943848
MixVMFNoise	0.1	3	0.9969614148139954
MixVMFNoise	0.1	4	0.9975040555000305
MixVMFNoise	0.1	5	0.9970673322677612
MixVMFNoise	0.1	6	0.9968050718307495
MixVMFNoise	0.1	7	0.9972230792045593
MixVMFNoise	0.1	8	0.9973058700561523
MixVMFNoise	0.1	9	0.9972177743911743
MixVMFNoise	0.1	10	0.8976518511772156
MixVMFNoise	0.1	11	0.9964359998703003
MixVMFNoise	0.1	12	0.9965065717697144
MixVMFNoise	0.1	13	0.9973345994949341
MixVMFNoise	0.1	14	0.9972137212753296
MixVMFNoise	0.1	15	0.9968811273574829
MixVMFNoise	0.1	16	0.9968673586845398
MixVMFNoise	0.1	17	0.9967764616012573
MixVMFNoise	0.1	18	0.9966297149658203
MixVMFNoise	0.1	19	0.9969127774238586
MixVMFNoise	0.2	0	0.9965754747390747
MixVMFNoise	0.2	1	0.9966647028923035
MixVMFNoise	0.2	2	0.9962026476860046
MixVMFNoise	0.2	3	0.9971616864204407
MixVMFNoise	0.2	4	0.996745765209198
MixVMFNoise	0.2	5	0.9962955713272095
MixVMFNoise	0.2	6	0.9967769384384155
MixVMFNoise	0.2	7	0.9972196817398071
MixVMFNoise	0.2	8	0.9972530603408813
MixVMFNoise	0.2	9	0.996665358543396
MixVMFNoise	0.2	10	0.9964954257011414
MixVMFNoise	0.2	11	0.9971491694450378
MixVMFNoise	0.2	12	0.9966867566108704
MixVMFNoise	0.2	13	0.99603271484375
MixVMFNoise	0.2	14	0.996117889881134
MixVMFNoise	0.2	15	0.9965890049934387
MixVMFNoise	0.2	16	0.9967437982559204
MixVMFNoise	0.2	17	0.9970988035202026
MixVMFNoise	0.2	18	0.9965952038764954
MixVMFNoise	0.2	19	0.9968031048774719
MixVMFNoise	0.3	0	0.9966583251953125
MixVMFNoise	0.3	1	0.9956849217414856
MixVMFNoise	0.3	2	0.9957550168037415
MixVMFNoise	0.3	3	0.9959004521369934
MixVMFNoise	0.3	4	0.996432900428772
MixVMFNoise	0.3	5	0.9959521293640137
MixVMFNoise	0.3	6	0.9953429102897644
MixVMFNoise	0.3	7	0.9959043264389038
MixVMFNoise	0.3	8	0.9947699308395386
MixVMFNoise	0.3	9	0.9961633682250977
MixVMFNoise	0.3	10	0.9957071542739868
MixVMFNoise	0.3	11	0.9965750575065613
MixVMFNoise	0.3	12	0.995829701423645
MixVMFNoise	0.3	13	0.9959060549736023
MixVMFNoise	0.3	14	0.9958763122558594
MixVMFNoise	0.3	15	0.9958996772766113
MixVMFNoise	0.3	16	0.9962406158447266
MixVMFNoise	0.3	17	0.9960759878158569
MixVMFNoise	0.3	18	0.9960783123970032
MixVMFNoise	0.3	19	0.9957119226455688
MixVMFNoise	0.4	0	0.995514988899231
MixVMFNoise	0.4	1	0.9945438504219055
MixVMFNoise	0.4	2	0.9954935312271118
MixVMFNoise	0.4	3	0.9945659637451172
MixVMFNoise	0.4	4	0.9952994585037231
MixVMFNoise	0.4	5	0.9947474598884583
MixVMFNoise	0.4	6	0.9951939582824707
MixVMFNoise	0.4	7	0.9949154853820801
MixVMFNoise	0.4	8	0.9951013326644897
MixVMFNoise	0.4	9	0.9963634610176086
MixVMFNoise	0.4	10	0.9954286813735962
MixVMFNoise	0.4	11	0.9944175481796265
MixVMFNoise	0.4	12	0.9932221174240112
MixVMFNoise	0.4	13	0.9943353533744812
MixVMFNoise	0.4	14	0.9939045906066895
MixVMFNoise	0.4	15	0.9948351979255676
MixVMFNoise	0.4	16	0.9940831065177917
MixVMFNoise	0.4	17	0.9947851300239563
MixVMFNoise	0.4	18	0.9955826997756958
MixVMFNoise	0.4	19	0.9949785470962524
MixVMFNoise	0.5	0	0.9921060800552368
MixVMFNoise	0.5	1	0.993964672088623
MixVMFNoise	0.5	2	0.9935823678970337
MixVMFNoise	0.5	3	0.9930070042610168
MixVMFNoise	0.5	4	0.9943329095840454
MixVMFNoise	0.5	5	0.8829413652420044
MixVMFNoise	0.5	6	0.9950771331787109
MixVMFNoise	0.5	7	0.9945621490478516
MixVMFNoise	0.5	8	0.993959903717041
MixVMFNoise	0.5	9	0.9951409101486206
MixVMFNoise	0.5	10	0.9935095906257629
MixVMFNoise	0.5	11	0.993693470954895
MixVMFNoise	0.5	12	0.9942378997802734
MixVMFNoise	0.5	13	0.9932916760444641
MixVMFNoise	0.5	14	0.9930923581123352
MixVMFNoise	0.5	15	0.9943618774414062
MixVMFNoise	0.5	16	0.993959903717041
MixVMFNoise	0.5	17	0.8723017573356628
MixVMFNoise	0.5	18	0.9931400418281555
MixVMFNoise	0.5	19	0.8923179507255554
MixVMFNoise	0.6	0	0.9935114979743958
MixVMFNoise	0.6	1	0.9936965703964233
MixVMFNoise	0.6	2	0.9911280870437622
MixVMFNoise	0.6	3	0.9890073537826538
MixVMFNoise	0.6	4	0.9915056228637695
MixVMFNoise	0.6	5	0.9922620058059692
MixVMFNoise	0.6	6	0.9929237365722656
MixVMFNoise	0.6	7	0.9920363426208496
MixVMFNoise	0.6	8	0.9923704266548157
MixVMFNoise	0.6	9	0.9927422404289246
MixVMFNoise	0.6	10	0.9927425384521484
MixVMFNoise	0.6	11	0.9930914044380188
MixVMFNoise	0.6	12	0.9910815358161926
MixVMFNoise	0.6	13	0.9921350479125977
MixVMFNoise	0.6	14	0.991589367389679
MixVMFNoise	0.6	15	0.9924766421318054
MixVMFNoise	0.6	16	0.9917559623718262
MixVMFNoise	0.6	17	0.9928597211837769
MixVMFNoise	0.6	18	0.9912439584732056
MixVMFNoise	0.6	19	0.9904165267944336
MixVMFNoise	0.7	0	0.9837111234664917
MixVMFNoise	0.7	1	0.8859308362007141
MixVMFNoise	0.7	2	0.9043290019035339
MixVMFNoise	0.7	3	0.8647451400756836
MixVMFNoise	0.7	4	0.9881483316421509
MixVMFNoise	0.7	5	0.8637798428535461
MixVMFNoise	0.7	6	0.8746556043624878
MixVMFNoise	0.7	7	0.9792302846908569
MixVMFNoise	0.7	8	0.9856640696525574
MixVMFNoise	0.7	9	0.9880127906799316
MixVMFNoise	0.7	10	0.8659682273864746
MixVMFNoise	0.7	11	0.858096718788147
MixVMFNoise	0.7	12	0.8336657285690308
MixVMFNoise	0.7	13	0.9866412878036499
MixVMFNoise	0.7	14	0.9846433401107788
MixVMFNoise	0.7	15	0.8885380029678345
MixVMFNoise	0.7	16	0.8452820777893066
MixVMFNoise	0.7	17	0.8652097582817078
MixVMFNoise	0.7	18	0.9209820628166199
MixVMFNoise	0.7	19	0.9847275614738464
MixVMFNoise (parcel kappa)	0.0	0	0.9976263046264648
MixVMFNoise (parcel kappa)	0.0	1	0.9966281652450562
MixVMFNoise (parcel kappa)	0.0	2	0.9980003237724304
MixVMFNoise (parcel kappa)	0.0	3	0.9976191520690918
MixVMFNoise (parcel kappa)	0.0	4	0.9974519610404968
MixVMFNoise (parcel kappa)	0.0	5	0.9971993565559387
MixVMFNoise (parcel kappa)	0.0	6	0.9975532293319702
MixVMFNoise (parcel kappa)	0.0	7	0.9977318048477173
MixVMFNoise (parcel kappa)	0.0	8	0.996898353099823
MixVMFNoise (parcel kappa)	0.0	9	0.9975113868713379
MixVMFNoise (parcel kappa)	0.0	10	0.9973196983337402
MixVMFNoise (parcel kappa)	0.0	11	0.9973801374435425
MixVMFNoise (parcel kappa)	0.0	12	0.9973820447921753
MixVMFNoise (parcel kappa)	0.0	13	0.9970138669013977
MixVMFNoise (parcel kappa)	0.0	14	0.9977250099182129
MixVMFNoise (parcel kappa)	0.0	15	0.996503472328186
MixVMFNoise (parcel kappa)	0.0	16	0.9972302317619324
MixVMFNoise (parcel kappa)	0.0	17	0.9973769187927246
MixVMFNoise (parcel kappa)	0.0	18	0.9977207183837891
MixVMFNoise (parcel kappa)	0.0	19	0.9978384971618652
MixVMFNoise (parcel kappa)	0.1	0	0.9968452453613281
MixVMFNoise (parcel kappa)	0.1	1	0.9969514608383179
MixVMFNoise (parcel kappa)	0.1	2	0.9973076581954956
MixVMFNoise (parcel kappa)	0.1	3	0.9969902038574219
MixVMFNoise (parcel kappa)	0.1	4	0.9974988698959351
MixVMFNoise (parcel kappa)	0.1	5	0.9970934987068176
MixVMFNoise (parcel kappa)	0.1	6	0.9967277646064758
MixVMFNoise (parcel kappa)	0.1	7	0.9972794651985168
MixVMFNoise (parcel kappa)	0.1	8	0.9971237182617188
MixVMFNoise (parcel kappa)	0.1	9	0.9972337484359741
MixVMFNoise (parcel kappa)	0.1	10	0.9970221519470215
MixVMFNoise (parcel kappa)	0.1	11	0.9964147806167603
MixVMFNoise (parcel kappa)	0.1	12	0.996350109577179
MixVMFNoise (parcel kappa)	0.1	13	0.9973338842391968
MixVMFNoise (parcel kappa)	0.1	14	0.9965971112251282
MixVMFNoise (parcel kappa)	0.1	15	0.9968868494033813
MixVMFNoise (parcel kappa)	0.1	16	0.996821403503418
MixVMFNoise (parcel kappa)	0.1	17	0.9967136383056641
MixVMFNoise (parcel kappa)	0.1	18	0.9965899586677551
MixVMFNoise (parcel kappa)	0.1	19	0.9969033002853394
MixVMFNoise (parcel kappa)	0.2	0	0.9965828657150269
MixVMFNoise (parcel kappa)	0.2	1	0.9966446161270142
MixVMFNoise (parcel kappa)	0.2	2	0.9961116909980774
MixVMFNoise (parcel kappa)	0.2	3	0.9972569346427917
MixVMFNoise (parcel kappa)	0.2	4	0.9968115091323853
MixVMFNoise (parcel kappa)	0.2	5	0.9963335990905762
MixVMFNoise (parcel kappa)	0.2	6	0.9966714978218079
MixVMFNoise (parcel kappa)	0.2	7	0.9971786737442017
MixVMFNoise (parcel kappa)	0.2	8	0.9973228573799133
MixVMFNoise (parcel kappa)	0.2	9	0.9966050386428833
MixVMFNoise (parcel kappa)	0.2	10	0.9964159727096558
MixVMFNoise (parcel kappa)	0.2	11	0.9970512390136719
MixVMFNoise (parcel kappa)	0.2	12	0.9966950416564941
MixVMFNoise (parcel kappa)	0.2	13	0.9958227872848511
MixVMFNoise (parcel kappa)	0.2	14	0.9962173700332642
MixVMFNoise (parcel kappa)	0.2	15	0.9966298341751099
MixVMFNoise (parcel kappa)	0.2	16	0.9966808557510376
MixVMFNoise (parcel kappa)	0.2	17	0.9971097111701965
MixVMFNoise (parcel kappa)	0.2	18	0.996747612953186
MixVMFNoise (parcel kappa)	0.2	19	0.9969393014907837
MixVMFNoise (parcel kappa)	0.3	0	0.9966394305229187
MixVMFNoise (parcel kappa)	0.3	1	0.9958828091621399
MixVMFNoise (parcel kappa)	0.3	2	0.9958645105361938
MixVMFNoise (parcel kappa)	0.3	3	0.9936783909797668
MixVMFNoise (parcel kappa)	0.3	4	0.9136717915534973
MixVMFNoise (parcel kappa)	0.3	5	0.9958561658859253
MixVMFNoise (parcel kappa)	0.3	6	0.9953405261039734
MixVMFNoise (parcel kappa)	0.3	7	0.9958089590072632
MixVMFNoise (parcel kappa)	0.3	8	0.8707051277160645
MixVMFNoise (parcel kappa)	0.3	9	0.8764379620552063
MixVMFNoise (parcel kappa)	0.3	10	0.995793342590332
MixVMFNoise (parcel kappa)	0.3	11	0.9954690933227539
MixVMFNoise (parcel kappa)	0.3	12	0.9960322380065918
MixVMFNoise (parcel kappa)	0.3	13	0.9957923889160156
MixVMFNoise (parcel kappa)	0.3	14	0.8944286108016968
MixVMFNoise (parcel kappa)	0.3	15	0.9330059885978699
MixVMFNoise (parcel kappa)	0.3	16	0.9961369633674622
MixVMFNoise (parcel kappa)	0.3	17	0.995850682258606
MixVMFNoise (parcel kappa)	0.3	18	0.9960900545120239
MixVMFNoise (parcel kappa)	0.3	19	0.9949606657028198
MixVMFNoise (parcel kappa)	0.4	0	0.995295524597168
MixVMFNoise (parcel kappa)	0.4	1	0.9946366548538208
MixVMFNoise (parcel kappa)	0.4	2	0.9955183863639832
MixVMFNoise (parcel kappa)	0.4	3	0.9946543574333191
MixVMFNoise (parcel kappa)	0.4	4	0.9952179789543152
MixVMFNoise (parcel kappa)	0.4	5	0.9948346018791199
MixVMFNoise (parcel kappa)	0.4	6	0.994961142539978
MixVMFNoise (parcel kappa)	0.4	7	0.8965858221054077
MixVMFNoise (parcel kappa)	0.4	8	0.9950281977653503
MixVMFNoise (parcel kappa)	0.4	9	0.9211597442626953
MixVMFNoise (parcel kappa)	0.4	10	0.9954209327697754
MixVMFNoise (parcel kappa)	0.4	11	0.9943956136703491
MixVMFNoise (parcel kappa)	0.4	12	0.9933965802192688
MixVMFNoise (parcel kappa)	0.4	13	0.8948512077331543
MixVMFNoise (parcel kappa)	0.4	14	0.9929571151733398
MixVMFNoise (parcel kappa)	0.4	15	0.9496487379074097
MixVMFNoise (parcel kappa)	0.4	16	0.9941336512565613
MixVMFNoise (parcel kappa)	0.4	17	0.9948585629463196
MixVMFNoise (parcel kappa)	0.4	18	0.8428958654403687
MixVMFNoise (parcel kappa)	0.4	19	0.9950421452522278
MixVMFNoise (parcel kappa)	0.5	0	0.9920436143875122
MixVMFNoise (parcel kappa)	0.5	1	0.993708610534668
MixVMFNoise (parcel kappa)	0.5	2	0.8933273553848267
MixVMFNoise (parcel kappa)	0.5	3	0.992785632610321
MixVMFNoise (parcel kappa)	0.5	4	0.8817655444145203
MixVMFNoise (parcel kappa)	0.5	5	0.906181812286377
MixVMFNoise (parcel kappa)	0.5	6	0.8524885177612305
MixVMFNoise (parcel kappa)	0.5	7	0.8800666928291321
MixVMFNoise (parcel kappa)	0.5	8	0.9938780665397644
MixVMFNoise (parcel kappa)	0.5	9	0.9213662147521973
MixVMFNoise (parcel kappa)	0.5	10	0.9252446889877319
MixVMFNoise (parcel kappa)	0.5	11	0.9097847938537598
MixVMFNoise (parcel kappa)	0.5	12	0.8631974458694458
MixVMFNoise (parcel kappa)	0.5	13	0.8901146650314331
MixVMFNoise (parcel kappa)	0.5	14	0.885968029499054
MixVMFNoise (parcel kappa)	0.5	15	0.9943141937255859
MixVMFNoise (parcel kappa)	0.5	16	0.9939621686935425
MixVMFNoise (parcel kappa)	0.5	17	0.930404007434845
MixVMFNoise (parcel kappa)	0.5	18	0.9930031895637512
MixVMFNoise (parcel kappa)	0.5	19	0.9946162104606628
MixVMFNoise (parcel kappa)	0.6	0	0.877044677734375
MixVMFNoise (parcel kappa)	0.6	1	0.993261992931366
MixVMFNoise (parcel kappa)	0.6	2	0.8907869458198547
MixVMFNoise (parcel kappa)	0.6	3	0.8341013193130493
MixVMFNoise (parcel kappa)	0.6	4	0.9005163311958313
MixVMFNoise (parcel kappa)	0.6	5	0.9894099235534668
MixVMFNoise (parcel kappa)	0.6	6	0.8441311120986938
MixVMFNoise (parcel kappa)	0.6	7	0.9634485244750977
MixVMFNoise (parcel kappa)	0.6	8	0.9145317077636719
MixVMFNoise (parcel kappa)	0.6	9	0.7641832232475281
MixVMFNoise (parcel kappa)	0.6	10	0.8456709980964661
MixVMFNoise (parcel kappa)	0.6	11	0.9928577542304993
MixVMFNoise (parcel kappa)	0.6	12	0.9333189129829407
MixVMFNoise (parcel kappa)	0.6	13	0.8840736150741577
MixVMFNoise (parcel kappa)	0.6	14	0.9912482500076294
MixVMFNoise (parcel kappa)	0.6	15	0.9042304754257202
MixVMFNoise (parcel kappa)	0.6	16	0.9917861819267273
MixVMFNoise (parcel kappa)	0.6	17	0.8951365351676941
MixVMFNoise (parcel kappa)	0.6	18	0.8671602010726929
MixVMFNoise (parcel kappa)	0.6	19	0.9507832527160645
MixVMFNoise (parcel kappa)	0.7	0	0.7634502649307251
MixVMFNoise (parcel kappa)	0.7	1	0.7424158453941345
MixVMFNoise (parcel kappa)	0.7	2	0.8386815786361694
MixVMFNoise (parcel kappa)	0.7	3	0.7590720653533936
MixVMFNoise (parcel kappa)	0.7	4	0.8210647702217102
MixVMFNoise (parcel kappa)	0.7	5	0.8796727061271667
MixVMFNoise (parcel kappa)	0.7	6	0.8472759127616882
MixVMFNoise (parcel kappa)	0.7	7	0.8411747217178345
MixVMFNoise (parcel kappa)	0.7	8	0.925498366355896
MixVMFNoise (parcel kappa)	0.7	9	0.8151176571846008
MixVMFNoise (parcel kappa)	0.7	10	0.7844010591506958
MixVMFNoise (parcel kappa)	0.7	11	0.6982125639915466
MixVMFNoise (parcel kappa)	0.7	12	0.7195371389389038
MixVMFNoise (parcel kappa)	0.7	13	0.6948415040969849
MixVMFNoise (parcel kappa)	0.7	14	0.7754274606704712
MixVMFNoise (parcel kappa)	0.7	15	0.5890349745750427
MixVMFNoise (parcel kappa)	0.7	16	0.891515851020813
MixVMFNoise (parcel kappa)	0.7	17	0.8584619760513306
MixVMFNoise (parcel kappa)	0.7	18	0.9811633229255676
MixVMFNoise (parcel kappa)	0.7	19	0.8499208688735962
