,data_type,K,model,coserr_E,coserrA_E,Uerr
0,GMM,4,GMM,0.4605584358852905,1.326121458246562,0.04329999999999999
0,GMM,4,GME,0.5240870456086706,1.5146189046632206,0.05450000000000001
0,GMM,4,VMF,0.46161092603448795,1.324949756077635,0.05499999999999999
0,GMM,4,wVMF,0.46171926196242863,1.325233381329232,0.05499999999999999
0,GMM,4,true,0.4603434010690706,1.3254007939931838,0.042899999999999994
0,GMM,4,GMM,0.4301350033974529,1.3020585878230633,0.0347
0,GMM,4,GME,0.4823007143817245,1.4672262398345075,0.0379
0,GMM,4,VMF,0.42976937082432237,1.2996657505109166,0.0382
0,GMM,4,wVMF,0.429832068186597,1.2998632639399061,0.0382
0,GMM,4,true,0.429990548989527,1.301567389093945,0.0354
0,GMM,4,GMM,0.43011220508050324,1.292251446223938,0.034
0,GMM,4,GME,0.48903544981210656,1.4781934167389514,0.0352
0,GMM,4,VMF,0.42962897407674844,1.2899402820135826,0.0347
0,GMM,4,wVMF,0.429735300993998,1.290304294911698,0.0347
0,GMM,4,true,0.42985049508984696,1.2914474187549367,0.0347
0,GMM,4,GMM,0.516425705378183,1.3920832124931988,0.0546
0,GMM,4,GME,0.6130684217399078,1.6595494649433504,0.061
0,GMM,4,VMF,0.5181573045546821,1.394002550048144,0.061399999999999996
0,GMM,4,wVMF,0.5182772939790152,1.394299920756915,0.061399999999999996
0,GMM,4,true,0.5158611795693588,1.3905678641109755,0.054700000000000006
0,GMM,4,GMM,0.42048691901986024,1.286072287422484,0.027200000000000002
0,GMM,4,GME,0.4762876905773522,1.4621768206057077,0.0301
0,GMM,4,VMF,0.420933066760098,1.2859628997079904,0.0303
0,GMM,4,wVMF,0.4210130047841976,1.2861903846698213,0.0303
0,GMM,4,true,0.4203078044839731,1.2855130468784104,0.027600000000000003
0,GMM,4,GMM,0.4145442346057703,1.2781634403828008,0.028999999999999998
0,GMM,4,GME,0.46879915744962675,1.4489939640164242,0.0324
0,GMM,4,VMF,0.41499317199692876,1.2784385748821436,0.0324
0,GMM,4,wVMF,0.4150616835176665,1.2786299582571745,0.0324
0,GMM,4,true,0.4144569762902366,1.2779011743897055,0.028699999999999996
0,GMM,4,GMM,0.488494371851606,1.3737873761909938,0.05789999999999999
0,GMM,4,GME,0.563040289556507,1.5931036790187894,0.06000000000000001
0,GMM,4,VMF,0.48762095044002357,1.3704759287942236,0.060399999999999995
0,GMM,4,wVMF,0.4876828003166098,1.3706347614233363,0.0605
0,GMM,4,true,0.48834818459292084,1.3734290242371463,0.058499999999999996
0,GMM,4,GMM,0.4836442842172103,1.3789267103381175,0.0792
0,GMM,4,GME,0.5422819040670626,1.5556971337682761,0.07880000000000001
0,GMM,4,VMF,0.4826296629400918,1.3758820583531617,0.07980000000000001
0,GMM,4,wVMF,0.4826947423706912,1.3760453724008248,0.07980000000000001
0,GMM,4,true,0.48307621135325557,1.377113695768686,0.07980000000000001
0,GMM,4,GMM,0.41560797450628095,1.27434397004478,0.0318
0,GMM,4,GME,0.46959235701193036,1.4452882329791534,0.034100000000000005
0,GMM,4,VMF,0.41515043258535006,1.2724355159928546,0.0339
0,GMM,4,wVMF,0.41521603942810276,1.2726326579649077,0.0339
0,GMM,4,true,0.41519034583039655,1.2730321103183795,0.031
0,GMM,4,GMM,0.4903070811814764,1.3724916097773232,0.0612
0,GMM,4,GME,0.5648049442235769,1.5925529058085135,0.061
0,GMM,4,VMF,0.48923724190671986,1.3691657604737695,0.0611
0,GMM,4,wVMF,0.48931838377808223,1.3693969441499412,0.061
0,GMM,4,true,0.4899004686319782,1.3712263959751019,0.0622
0,GMM,4,GMM,0.4669112759262745,1.340059672081835,0.0393
0,GMM,4,GME,0.5420541758059919,1.562716703910759,0.042
0,GMM,4,VMF,0.4669037713396471,1.3378901743161868,0.0424
0,GMM,4,wVMF,0.4670423292605313,1.3382633162795154,0.0424
0,GMM,4,true,0.46659659455797986,1.3390092478202007,0.039400000000000004
0,GMM,4,GMM,0.48179498110502816,1.3520626847950445,0.0445
0,GMM,4,GME,0.5576057236926111,1.5737251439769668,0.0505
0,GMM,4,VMF,0.482736527910514,1.3531325718873035,0.0504
0,GMM,4,wVMF,0.48282304998972914,1.3533363644410674,0.0504
0,GMM,4,true,0.4818069106793817,1.352015513175893,0.044399999999999995
0,GMM,4,GMM,0.5055917220471432,1.4188648519483444,0.11829999999999999
0,GMM,4,GME,0.549142662760574,1.5460933579350806,0.1322
0,GMM,4,VMF,0.5070476788064792,1.4209223637175559,0.1284
0,GMM,4,wVMF,0.5071023404706966,1.4210625435443216,0.1284
0,GMM,4,true,0.505392323967949,1.4183945052784304,0.1172
0,GMM,4,GMM,0.467890716044732,1.3423193602033778,0.064
0,GMM,4,GME,0.5874928464985448,1.667663417924969,0.3861
0,GMM,4,VMF,0.4707440919605096,1.3461921987367038,0.0783
0,GMM,4,wVMF,0.47086260932496027,1.3465000878428064,0.0783
0,GMM,4,true,0.46771761248083726,1.3418841865615128,0.0635
0,GMM,4,GMM,0.5129441215757737,1.394223734706761,0.0683
0,GMM,4,GME,0.6027802731046232,1.643424333955266,0.07800000000000001
0,GMM,4,VMF,0.515276295678923,1.3970122110582193,0.0784
0,GMM,4,wVMF,0.5154132210183711,1.3973785658466742,0.0785
0,GMM,4,true,0.5127907535924823,1.3938350346026431,0.0675
0,GMM,4,GMM,0.4851599188173636,1.3878252298646312,0.08359999999999998
0,GMM,4,GME,0.5381976433523528,1.5457695819443587,0.08600000000000001
0,GMM,4,VMF,0.48480383780993674,1.3858776674880438,0.08600000000000001
0,GMM,4,wVMF,0.48485558168888615,1.3860155446643774,0.086
0,GMM,4,true,0.4850102279991434,1.3873166252207594,0.0827
0,GMM,4,GMM,0.4661998080573849,1.330500176905954,0.0354
0,GMM,4,GME,0.5445514270739451,1.5586699720094508,0.041499999999999995
0,GMM,4,VMF,0.4674694733673147,1.331991982882586,0.04209999999999999
0,GMM,4,wVMF,0.4675782858002234,1.3322646166868808,0.041999999999999996
0,GMM,4,true,0.46585278086878024,1.3293466798331095,0.035300000000000005
0,GMM,4,GMM,0.46961661793927156,1.3542541463713378,0.0747
0,GMM,4,GME,0.5237833965209109,1.5182030862928884,0.0755
0,GMM,4,VMF,0.4686345914032522,1.3509458087378223,0.0755
0,GMM,4,wVMF,0.46868570235804297,1.3510757719821869,0.0755
0,GMM,4,true,0.4695857524749119,1.354186395131204,0.07450000000000001
0,GMM,4,GMM,0.46825323294000026,1.3324272212599655,0.0376
0,GMM,4,GME,0.5401581813835128,1.5421545590169874,0.0465
0,GMM,4,VMF,0.47081293726884077,1.3363708469231323,0.0465
0,GMM,4,wVMF,0.4709377030385191,1.3367258052504263,0.046599999999999996
0,GMM,4,true,0.4680567695426393,1.3317986286177672,0.0379
0,GMM,4,GMM,0.45450419348801124,1.314027121501406,0.0279
0,GMM,4,GME,0.5328473452397586,1.5462904722273365,0.0376
0,GMM,4,VMF,0.4562847513253859,1.3151765262325688,0.0385
0,GMM,4,wVMF,0.4563657609682708,1.3154191098118755,0.0385
0,GMM,4,true,0.4545351153799534,1.3141487747801395,0.0269
0,GMM,4,GMM,0.5130679627608018,1.3853586264999163,0.041100000000000005
0,GMM,4,GME,0.6220730453917425,1.6941299207222347,0.04479999999999999
0,GMM,4,VMF,0.5131123858007633,1.3841930015562909,0.045399999999999996
0,GMM,4,wVMF,0.5132075395138015,1.384450978343247,0.045399999999999996
0,GMM,4,true,0.5127433068360352,1.3843158095802697,0.041100000000000005
0,GMM,4,GMM,0.48495262951587514,1.3682234010959033,0.0474
0,GMM,4,GME,0.5567614277633581,1.577558946452326,0.053500000000000006
0,GMM,4,VMF,0.48523016234972643,1.367811993310561,0.053700000000000005
0,GMM,4,wVMF,0.48531444294023424,1.368064878788654,0.053700000000000005
0,GMM,4,true,0.4848834566877126,1.368083890556624,0.0481
0,GMM,4,GMM,0.5139413985565294,1.4095230818665834,0.0618
0,GMM,4,GME,0.59313860323209,1.636398207678046,0.0633
0,GMM,4,VMF,0.5134139104773655,1.4067978899695295,0.0649
0,GMM,4,wVMF,0.5135183771105101,1.4070775514770575,0.0649
0,GMM,4,true,0.5134433411112473,1.4079763423419345,0.061399999999999996
0,GMM,4,GMM,0.4949215621147204,1.3833467107407043,0.053700000000000005
0,GMM,4,GME,0.571481117390109,1.601587782490019,0.064
0,GMM,4,VMF,0.49672520712461277,1.3858042298822475,0.0655
0,GMM,4,wVMF,0.49682899009004167,1.3860869459668232,0.0655
0,GMM,4,true,0.49457978315076934,1.382440591775857,0.0546
0,GMM,4,GMM,0.47860818068183997,1.3578459031380838,0.042699999999999995
0,GMM,4,GME,0.553033523330498,1.5692832693215124,0.0536
0,GMM,4,VMF,0.4818548778908903,1.3623804499041898,0.054299999999999994
0,GMM,4,wVMF,0.4819549052305529,1.3626880520970501,0.054400000000000004
0,GMM,4,true,0.4784043651335056,1.3571693897409882,0.04239999999999999
0,GMM,4,GMM,0.46558386036410376,1.3459641638207032,0.0447
0,GMM,4,GME,0.5324850889632831,1.548799436003847,0.0469
0,GMM,4,VMF,0.4651633211098741,1.344015596552985,0.046799999999999994
0,GMM,4,wVMF,0.4652995349519943,1.3443958777970089,0.0469
0,GMM,4,true,0.4652148169183851,1.3447974670110057,0.04529999999999999
0,GMM,4,GMM,0.49221194896936604,1.377059207393679,0.0578
0,GMM,4,GME,0.5606575131177177,1.57123920258771,0.0689
0,GMM,4,VMF,0.49427644498403833,1.379308047553683,0.0695
0,GMM,4,wVMF,0.494370081625482,1.3795548106217548,0.0694
0,GMM,4,true,0.49187592853270434,1.3758971034587375,0.05789999999999999
0,GMM,4,GMM,0.49692293523245984,1.388869822667665,0.0632
0,GMM,4,GME,0.5675953626941874,1.5938420178975203,0.0683
0,GMM,4,VMF,0.49724037055073766,1.3878907510163834,0.06920000000000001
0,GMM,4,wVMF,0.49731743423509556,1.388080705628981,0.06920000000000001
0,GMM,4,true,0.49670869092012976,1.3881302533851858,0.0634
0,GMM,4,GMM,0.42106408412622987,1.2764240911750735,0.021799999999999996
0,GMM,4,GME,0.4836697901175172,1.4677911799607573,0.028699999999999996
0,GMM,4,VMF,0.42355130887158976,1.2816907510168694,0.028499999999999998
0,GMM,4,wVMF,0.423642198821468,1.281950503589769,0.028499999999999998
0,GMM,4,true,0.42091580820652624,1.2760110381404473,0.021899999999999996
0,GMM,4,GMM,0.4757452135315729,1.3587866122421106,0.05569999999999999
0,GMM,4,GME,0.536642255082564,1.5396949565128324,0.06420000000000001
0,GMM,4,VMF,0.47665841176607976,1.3583279267251709,0.0645
0,GMM,4,wVMF,0.4767483929617504,1.3586211838521476,0.0645
0,GMM,4,true,0.4755249529535758,1.3581655958123444,0.05489999999999999
0,GMM,4,GMM,0.4246503866214323,1.294641854804062,0.0329
0,GMM,4,GME,0.477086709003978,1.4554781795532938,0.040100000000000004
0,GMM,4,VMF,0.426655624092677,1.2983990091154978,0.0403
0,GMM,4,wVMF,0.42673851945732083,1.2986291835894437,0.0403
0,GMM,4,true,0.4245279976584192,1.29423867941798,0.0329
0,GMM,4,GMM,0.48075434207370726,1.3574374085934475,0.045799999999999993
0,GMM,4,GME,0.5560804260607114,1.5780769915294972,0.0503
0,GMM,4,VMF,0.4815627130255161,1.3587186934540743,0.0498
0,GMM,4,wVMF,0.4816652409593301,1.3589852677255128,0.0497
0,GMM,4,true,0.4805783195508953,1.3569352327313742,0.045399999999999996
0,GMM,4,GMM,0.556200918791908,1.4550715134576548,0.07849999999999999
0,GMM,4,GME,0.6523324493385778,1.7198503192144403,0.08419999999999998
0,GMM,4,VMF,0.5560269676762629,1.4528118850266214,0.0847
0,GMM,4,wVMF,0.556109764870869,1.4529990874899283,0.08479999999999999
0,GMM,4,true,0.5558737083196895,1.4541369988408517,0.07770000000000002
0,GMM,4,GMM,0.43280714238694484,1.3169527761771704,0.043
0,GMM,4,GME,0.48567808518714256,1.4798984264623958,0.049800000000000004
0,GMM,4,VMF,0.4346814919632286,1.3214901913715615,0.0508
0,GMM,4,wVMF,0.43473107008745354,1.321635659067482,0.051000000000000004
0,GMM,4,true,0.4325841885753629,1.316280047569537,0.0438
0,GMM,4,GMM,0.43407384969850576,1.3145922967666763,0.0615
0,GMM,4,GME,0.4805783571986935,1.4597513823811943,0.0645
0,GMM,4,VMF,0.43413839859403647,1.313957906921512,0.0653
0,GMM,4,wVMF,0.43421334080071483,1.314147343129782,0.0653
0,GMM,4,true,0.43367485668673955,1.3133215180669904,0.0606
0,GMM,4,GMM,0.40762354020504876,1.2690713304834331,0.028300000000000002
0,GMM,4,GME,0.4545262588337338,1.416203569090516,0.034600000000000006
0,GMM,4,VMF,0.40881709024396773,1.2707712659763175,0.034300000000000004
0,GMM,4,wVMF,0.4089131640169573,1.2710680227423092,0.034300000000000004
0,GMM,4,true,0.4074073231344597,1.2685086392738996,0.028200000000000003
0,GMM,4,GMM,0.47882565969040203,1.3486823991599493,0.035
0,GMM,4,GME,0.6468172322930678,1.7932205839852586,0.3322
0,GMM,4,VMF,0.48576969333602615,1.3604890847830569,0.055400000000000005
0,GMM,4,wVMF,0.48584172746552107,1.3606794905766169,0.055400000000000005
0,GMM,4,true,0.47847653824676356,1.347811895345068,0.035
0,GMM,4,GMM,0.47555106322524143,1.353289426343629,0.0512
0,GMM,4,GME,0.548796371540161,1.5707427348630316,0.0513
0,GMM,4,VMF,0.4745464634446071,1.350100188031044,0.0512
0,GMM,4,wVMF,0.47466318305341,1.3504305657129987,0.0512
0,GMM,4,true,0.47530452330297146,1.3525727302533679,0.0514
0,GMM,4,GMM,0.4449012256861439,1.304220404885704,0.0405
0,GMM,4,GME,0.5071403058463568,1.4924322205130982,0.042
0,GMM,4,VMF,0.44445616636838564,1.3016758690774428,0.04190000000000001
0,GMM,4,wVMF,0.4445290653137562,1.3018806141460442,0.04190000000000001
0,GMM,4,true,0.44476442534087013,1.3037913529347935,0.039900000000000005
0,GMM,4,GMM,0.5381580225665157,1.4498291066227604,0.0968
0,GMM,4,GME,0.6169452462802181,1.6723860214988744,0.0982
0,GMM,4,VMF,0.5370290429438185,1.4459839207673715,0.0992
0,GMM,4,wVMF,0.5371203328884476,1.4462294880798574,0.0992
0,GMM,4,true,0.5379633294637395,1.4493500795980176,0.09590000000000001
0,GMM,4,GMM,0.43986280500162867,1.2949673931197534,0.026499999999999996
0,GMM,4,GME,0.6315184286870303,1.8558999654240806,0.3550000000000001
0,GMM,4,VMF,0.4396746670333046,1.292890826445619,0.028599999999999997
0,GMM,4,wVMF,0.4397776813488331,1.2931783127838319,0.028599999999999997
0,GMM,4,true,0.43944152533381775,1.293588983671625,0.026099999999999995
0,GMM,4,GMM,0.49505836491722627,1.3708153154316467,0.045899999999999996
0,GMM,4,GME,0.6554183511490032,1.7987741587019888,0.3465
0,GMM,4,VMF,0.49937536270539723,1.3796191669285616,0.056100000000000004
0,GMM,4,wVMF,0.4995098428329319,1.380021664923282,0.056100000000000004
0,GMM,4,true,0.49444549205667787,1.368974636700216,0.045599999999999995
0,GMM,4,GMM,0.43636955825937995,1.2992240928066905,0.0455
0,GMM,4,GME,0.5585934561577149,1.664515014399333,0.3901
0,GMM,4,VMF,0.43642975867328193,1.2980601071754303,0.0486
0,GMM,4,wVMF,0.43646749109910443,1.2981862503604968,0.0486
0,GMM,4,true,0.43611676899408874,1.298518136235284,0.044899999999999995
0,GMM,4,GMM,0.4281194578187922,1.2773328755790554,0.018300000000000004
0,GMM,4,GME,0.4922119060824716,1.4676680319059077,0.0273
0,GMM,4,VMF,0.4313119455650609,1.2820765869358608,0.0273
0,GMM,4,wVMF,0.43143041716400504,1.2824237905730864,0.0273
0,GMM,4,true,0.4280105501381194,1.2770528998066686,0.0188
0,GMM,4,GMM,0.4403502568655953,1.3128632018556181,0.0376
0,GMM,4,GME,0.4996151992073245,1.483138987255904,0.0563
0,GMM,4,VMF,0.44723139719524163,1.3251930454681968,0.058199999999999995
0,GMM,4,wVMF,0.4472874696396641,1.3253296199992572,0.0583
0,GMM,4,true,0.4402835880404535,1.3125455946369795,0.0382
0,GMM,4,GMM,0.437907456361968,1.2974672041321669,0.028599999999999997
0,GMM,4,GME,0.503712389241486,1.4930882426792695,0.037200000000000004
0,GMM,4,VMF,0.44058267469260226,1.3018981336595492,0.0379
0,GMM,4,wVMF,0.44067010805605894,1.3021802437513583,0.038000000000000006
0,GMM,4,true,0.4375078559719367,1.2961620705146661,0.027700000000000002
0,GMM,4,GMM,0.47838274283665233,1.363649977530875,0.0477
0,GMM,4,GME,0.5549782918147068,1.5888096103819458,0.0485
0,GMM,4,VMF,0.4781411118884374,1.3616708465619207,0.0493
0,GMM,4,wVMF,0.47825410332250906,1.3620137331797082,0.0493
0,GMM,4,true,0.47797006038233825,1.3623433166245253,0.047599999999999996
0,GMM,4,GMM,0.5180161078902363,1.4080525165226212,0.06920000000000001
0,GMM,4,GME,0.5982593320080809,1.6322716369146069,0.0857
0,GMM,4,VMF,0.5214025064357043,1.4147249632660723,0.0874
0,GMM,4,wVMF,0.5215022258363062,1.4149551268901288,0.0873
0,GMM,4,true,0.5178270523058373,1.4076436958238512,0.0694
0,GMM,4,GMM,0.4355559052968391,1.3034582640442116,0.0301
0,GMM,4,GME,0.4969862928981879,1.4949818679334466,0.0311
0,GMM,4,VMF,0.43499368164237734,1.3010627505524763,0.0315
0,GMM,4,wVMF,0.4350830464398311,1.3013597691180836,0.0315
0,GMM,4,true,0.4353712662831203,1.3028964752125027,0.029599999999999998
0,GMM,4,GMM,0.4586028984959391,1.3281346427089797,0.035100000000000006
0,GMM,4,GME,0.5288818117069316,1.538634752658235,0.04229999999999999
0,GMM,4,VMF,0.45929867201901897,1.3278635596564232,0.042199999999999994
0,GMM,4,wVMF,0.4593747482316718,1.3280836919781627,0.04209999999999999
0,GMM,4,true,0.4586256834004687,1.3281683363100307,0.0353
0,GME,4,GMM,0.5552536862621777,2.1095740452072627,0.47730000000000006
0,GME,4,GME,0.4248652040696442,1.3663244358205138,0.1439
0,GME,4,VMF,0.4049459015671246,1.3177726667247853,0.1436
0,GME,4,wVMF,0.4052123911188093,1.3185245755942745,0.1436
0,GME,4,true,0.42480834384291405,1.365760392944358,0.1438
0,GME,4,GMM,0.5456980771723348,2.396262122148564,0.5565
0,GME,4,GME,0.4251948134629015,1.3692435798807516,0.15230000000000002
0,GME,4,VMF,0.4702637475099758,2.2552599492593375,0.43850000000000006
0,GME,4,wVMF,0.4074587110924668,1.3263353985411768,0.1528
0,GME,4,true,0.4249707176313053,1.3681616886768109,0.15230000000000002
0,GME,4,GMM,0.5635299158280445,2.0632528572843847,0.46349999999999997
0,GME,4,GME,0.43052350239680937,1.3742238299747533,0.13740000000000002
0,GME,4,VMF,0.4939664568233759,2.5313423566436546,0.42330000000000007
0,GME,4,wVMF,0.49451250388347107,2.5325490287268932,0.4227
0,GME,4,true,0.4303213740864442,1.3733557007717168,0.1378
0,GME,4,GMM,0.5663444881728055,2.0764571438791597,0.47059999999999996
0,GME,4,GME,0.43122368570676295,1.377382468722016,0.14130000000000004
0,GME,4,VMF,0.4093619862722938,1.3238007994169407,0.1418
0,GME,4,wVMF,0.409502470006401,1.3241816890817626,0.1418
0,GME,4,true,0.4311283518885107,1.376822678367875,0.1419
0,GME,4,GMM,0.5648155895697814,2.0347367657661906,0.4545
0,GME,4,GME,0.5336454885101203,2.56429110677219,0.4373
0,GME,4,VMF,0.4043042536146849,1.3122864239039391,0.1387
0,GME,4,wVMF,0.40447304104205256,1.312768304840506,0.1386
0,GME,4,true,0.4277767233532569,1.3713947713386587,0.13790000000000002
0,GME,4,GMM,0.561431846404447,2.0624478714764543,0.4761
0,GME,4,GME,0.42336531915588527,1.3733851023553583,0.1372
0,GME,4,VMF,0.4004676058582916,1.3163028510029866,0.1375
0,GME,4,wVMF,0.4007284296751217,1.3168290478594424,0.13740000000000002
0,GME,4,true,0.42327955744341333,1.3727896087703801,0.1371
0,GME,4,GMM,0.557218997084175,2.5043048926575757,0.5644
0,GME,4,GME,0.4226181781384196,1.3652600036160298,0.1386
0,GME,4,VMF,0.4720631531331939,2.345858609287262,0.4326
0,GME,4,wVMF,0.4013514155877867,1.3146316805850589,0.139
0,GME,4,true,0.4224145233773514,1.364397055628693,0.13799999999999998
0,GME,4,GMM,0.5566954217111109,2.5865748149700494,0.5708
0,GME,4,GME,0.42404620145074806,1.3582360076247881,0.1386
0,GME,4,VMF,0.40368389357544476,1.309604346536079,0.1388
0,GME,4,wVMF,0.4039783707278833,1.3103894722859173,0.13890000000000002
0,GME,4,true,0.4240689926541091,1.3580800426710031,0.13890000000000002
0,GME,4,GMM,0.5637052013177841,2.068827923917529,0.4702
0,GME,4,GME,0.4250068257489478,1.3743199080303978,0.1355
0,GME,4,VMF,0.402030025702369,1.3170430440876442,0.1347
0,GME,4,wVMF,0.4022435657735673,1.3175286839601967,0.1346
0,GME,4,true,0.42502132564047024,1.3740559902811433,0.1351
0,GME,4,GMM,0.5489324116965772,2.5547627040082115,0.58
0,GME,4,GME,0.4271655859092428,1.3701611166367815,0.1534
0,GME,4,VMF,0.4104566115948625,1.330065270566798,0.153
0,GME,4,wVMF,0.41066228930167126,1.3306485319838006,0.153
0,GME,4,true,0.42703232885234677,1.3694675548040864,0.15350000000000003
0,GME,4,GMM,0.589155379999143,2.761657227438763,0.5595
0,GME,4,GME,0.5579023795364471,2.8311818624757623,0.3955
0,GME,4,VMF,0.4084644258318247,1.323881896554291,0.13520000000000004
0,GME,4,wVMF,0.4085288633913021,1.3240140478262543,0.13530000000000003
0,GME,4,true,0.43044301861026096,1.3783676579847284,0.1351
0,GME,4,GMM,0.5604538099846582,2.057717976600263,0.4787
0,GME,4,GME,0.4361914948711014,1.3822075890230763,0.1431
0,GME,4,VMF,0.4156237519492829,1.3316954496217979,0.1427
0,GME,4,wVMF,0.41577193430394555,1.3319793883926632,0.1427
0,GME,4,true,0.4358455723247613,1.3808595568437185,0.1423
0,GME,4,GMM,0.572073013384437,2.003255679857585,0.44370000000000004
0,GME,4,GME,0.4308146872251841,1.3869146082761405,0.13340000000000002
0,GME,4,VMF,0.4060685241694978,1.3239431651871563,0.13340000000000002
0,GME,4,wVMF,0.48990779994822525,2.4963281554946923,0.41739999999999994
0,GME,4,true,0.43061735473518165,1.3858688917750448,0.1339
0,GME,4,GMM,0.5643897771481734,2.5463949599141014,0.5676
0,GME,4,GME,0.42782844861341546,1.3708221427406386,0.1391
0,GME,4,VMF,0.46374653379979114,2.1293247458107034,0.4394
0,GME,4,wVMF,0.4064191265556739,1.3174004627193692,0.1397
0,GME,4,true,0.427532535589788,1.369340466918274,0.1387
0,GME,4,GMM,0.6000635846525255,3.0064081382660524,0.5851
0,GME,4,GME,0.4320305886707869,1.3765123089314397,0.13620000000000002
0,GME,4,VMF,0.40982337620189513,1.3208641386679165,0.13570000000000002
0,GME,4,wVMF,0.41003338314932636,1.3214333561704403,0.1358
0,GME,4,true,0.43189853952944296,1.3758146298657858,0.1359
0,GME,4,GMM,0.5644387447805996,2.7552890829692216,0.5668
0,GME,4,GME,0.4243695766877429,1.371129589781883,0.1381
0,GME,4,VMF,0.4732704516349429,2.3326611697655864,0.44580000000000003
0,GME,4,wVMF,0.40352841182612054,1.3178369138409058,0.1376
0,GME,4,true,0.42419626661767734,1.3704400382635264,0.13799999999999998
0,GME,4,GMM,0.5550875119487656,2.761354287956897,0.5641999999999999
0,GME,4,GME,0.4250456392036309,1.3596362745197903,0.14630000000000004
0,GME,4,VMF,0.40748491871300657,1.3181113661712023,0.1451
0,GME,4,wVMF,0.407752952027807,1.318766654283408,0.1451
0,GME,4,true,0.42491621186816014,1.3588440259644172,0.1455
0,GME,4,GMM,0.5854517093714341,2.7075441304538552,0.5596
0,GME,4,GME,0.4400800107243539,1.3933290744415372,0.15000000000000002
0,GME,4,VMF,0.4174774176717384,1.3352234059864203,0.15000000000000002
0,GME,4,wVMF,0.48303845491495867,2.274487715663885,0.4351
0,GME,4,true,0.43992977231130637,1.392495793424581,0.1503
0,GME,4,GMM,0.5681696410259647,2.6584612918040267,0.5605
0,GME,4,GME,0.4285077549746853,1.368451201387441,0.1426
0,GME,4,VMF,0.4072230529217672,1.3144834753157366,0.14290000000000003
0,GME,4,wVMF,0.40742030673278773,1.3150600654065245,0.14290000000000003
0,GME,4,true,0.4282909687871893,1.3675222067945405,0.14279999999999998
0,GME,4,GMM,0.5477114463649622,2.0805196180964023,0.48819999999999997
0,GME,4,GME,0.42603194791974797,1.3686842844414315,0.1516
0,GME,4,VMF,0.4078110905463241,1.3237812160195694,0.1508
0,GME,4,wVMF,0.4080590625754613,1.324513620247539,0.1509
0,GME,4,true,0.4258669461673894,1.3680436646238527,0.15150000000000002
0,GME,4,GMM,0.5323963581360951,2.4272877411457103,0.5639
0,GME,4,GME,0.42051590694462915,1.3597013417236503,0.1446
0,GME,4,VMF,0.40304314736294583,1.3167124497392433,0.14600000000000002
0,GME,4,wVMF,0.4033095591043841,1.31748530451902,0.1459
0,GME,4,true,0.42042453672321106,1.3590875049914821,0.1452
0,GME,4,GMM,0.5843716983566803,2.7834710761619745,0.5695
0,GME,4,GME,0.43261738513722614,1.3820108971221452,0.1409
0,GME,4,VMF,0.4097544500434294,1.32357715350926,0.1419
0,GME,4,wVMF,0.40992630093243454,1.324070847783269,0.14179999999999998
0,GME,4,true,0.43232543759521763,1.3808916426965248,0.1406
0,GME,4,GMM,0.5206914936267131,2.3158996354634747,0.5831999999999999
0,GME,4,GME,0.4149874940850175,1.356029028415864,0.1547
0,GME,4,VMF,0.39934722875513573,1.322477033263538,0.155
0,GME,4,wVMF,0.3996354375515566,1.3232398127675808,0.1549
0,GME,4,true,0.4149622567013559,1.3556416221615137,0.1545
0,GME,4,GMM,0.5582218528113075,2.020001785150477,0.4699
0,GME,4,GME,0.43108174998036997,1.3791806531573674,0.1449
0,GME,4,VMF,0.48003685798190004,2.3171681430407434,0.43100000000000005
0,GME,4,wVMF,0.41037767940832126,1.326853308531439,0.1449
0,GME,4,true,0.4308515745010089,1.378162757330277,0.14450000000000002
0,GME,4,GMM,0.5473575734498859,1.9844376808023063,0.4793
0,GME,4,GME,0.42605926090944024,1.3606653912216609,0.1365
0,GME,4,VMF,0.4070096262439266,1.3151497739854032,0.1361
0,GME,4,wVMF,0.407259691235041,1.3157690070205064,0.1361
0,GME,4,true,0.426003426650725,1.3601729127999835,0.1364
0,GME,4,GMM,0.5893303648616572,2.7678849418559173,0.5476
0,GME,4,GME,0.4278304551349958,1.3790802281557177,0.1333
0,GME,4,VMF,0.40387136053486666,1.318003658793704,0.13399999999999998
0,GME,4,wVMF,0.4040352531959822,1.3184698548594913,0.13410000000000002
0,GME,4,true,0.42757744262245,1.3779656038232786,0.1335
0,GME,4,GMM,0.5620051381505882,2.368638401281145,0.5683
0,GME,4,GME,0.4321804438325693,1.372295854181003,0.1476
0,GME,4,VMF,0.4112345224160621,1.3200294570266577,0.1483
0,GME,4,wVMF,0.45361373364150726,1.9400533442236523,0.4304
0,GME,4,true,0.431841523513968,1.3710800903818627,0.1474
0,GME,4,GMM,0.5685550510847049,2.1321562769283275,0.4729
0,GME,4,GME,0.4310649587068961,1.3752464336067882,0.1483
0,GME,4,VMF,0.41095406115223004,1.323538987687216,0.1476
0,GME,4,wVMF,0.41108836722500486,1.3237577379519339,0.1477
0,GME,4,true,0.43093971325393055,1.3745591462090083,0.1482
0,GME,4,GMM,0.5553267338391235,2.089822661846525,0.48410000000000003
0,GME,4,GME,0.42770530470632656,1.3752510367736233,0.14700000000000002
0,GME,4,VMF,0.4090543488220476,1.328762153896308,0.1467
0,GME,4,wVMF,0.40922102792867887,1.3292407343375987,0.14679999999999999
0,GME,4,true,0.427491547762236,1.374352559176041,0.14700000000000002
0,GME,4,GMM,0.551339564861739,2.1242148217336743,0.4814
0,GME,4,GME,0.4184758195277813,1.3539242856864475,0.13979999999999998
0,GME,4,VMF,0.39896148311540686,1.306418697680404,0.1397
0,GME,4,wVMF,0.3992127651938303,1.3070490086985067,0.13970000000000002
0,GME,4,true,0.41829016544625,1.353074857965955,0.1399
0,GME,4,GMM,0.5675104993710999,2.8658022001444023,0.5844999999999999
0,GME,4,GME,0.4213621781019269,1.3590695899486291,0.1419
0,GME,4,VMF,0.4022191978434293,1.3112949196709434,0.14140000000000003
0,GME,4,wVMF,0.4023429610232701,1.3116583996564466,0.14140000000000003
0,GME,4,true,0.4214572429557267,1.359064610655041,0.14120000000000002
0,GME,4,GMM,0.5697757343267636,2.0710173519990773,0.4511
0,GME,4,GME,0.43228078304217804,1.3809946290161657,0.14280000000000004
0,GME,4,VMF,0.4107280511955057,1.3262658978034476,0.14250000000000002
0,GME,4,wVMF,0.41085854468244165,1.326670875528841,0.14250000000000002
0,GME,4,true,0.43199965514948885,1.3797706089172719,0.1426
0,GME,4,GMM,0.5550837113490067,2.506187382492513,0.5775
0,GME,4,GME,0.4308961567282014,1.3765929461048103,0.14679999999999999
0,GME,4,VMF,0.4110425833176715,1.3272939103663088,0.147
0,GME,4,wVMF,0.4111746034678495,1.3275623858899674,0.1471
0,GME,4,true,0.43075169973272975,1.375955676957853,0.1466
0,GME,4,GMM,0.5511391804905938,2.007144230725431,0.45899999999999996
0,GME,4,GME,0.42472895943981454,1.3649778057716255,0.1356
0,GME,4,VMF,0.4039766893789499,1.31303701380383,0.13570000000000002
0,GME,4,wVMF,0.404141939375305,1.3134422286347973,0.13570000000000002
0,GME,4,true,0.42441952981446196,1.3638245040045185,0.1356
0,GME,4,GMM,0.5512591870516863,2.0852279046994466,0.4835
0,GME,4,GME,0.42314288506418773,1.3769854107448318,0.13770000000000002
0,GME,4,VMF,0.40200170031669485,1.3222970952593311,0.13820000000000002
0,GME,4,wVMF,0.40214780573483927,1.3226412840225195,0.13810000000000003
0,GME,4,true,0.4226527531987709,1.3752108802480678,0.13770000000000002
0,GME,4,GMM,0.5213505460181149,2.498919458269885,0.5715
0,GME,4,GME,0.4205047218748243,1.3561486875822673,0.15949999999999998
0,GME,4,VMF,0.40594324915691793,1.3223291681190972,0.16029999999999997
0,GME,4,wVMF,0.4061350475172075,1.3228186333417458,0.16029999999999997
0,GME,4,true,0.4203251400914013,1.3552943700165139,0.1597
0,GME,4,GMM,0.5439045488310666,2.5710860292080993,0.5802999999999999
0,GME,4,GME,0.5046272607527166,2.3278300620657957,0.442
0,GME,4,VMF,0.40711290632743735,1.3181168212492027,0.1512
0,GME,4,wVMF,0.4073793084868006,1.3188649228304312,0.151
0,GME,4,true,0.4242408568750382,1.3606689005444847,0.1505
0,GME,4,GMM,0.5726792500761544,2.7163907010511066,0.5770000000000001
0,GME,4,GME,0.42571916111798824,1.3673064388099372,0.14340000000000003
0,GME,4,VMF,0.4721584166898064,2.293504125190961,0.4171
0,GME,4,wVMF,0.40548101287042504,1.3175652680106569,0.14290000000000003
0,GME,4,true,0.4256383897992471,1.3666245120406164,0.14300000000000002
0,GME,4,GMM,0.5510487399772808,2.745025030029762,0.5694
0,GME,4,GME,0.4210356511318688,1.3641429504601308,0.13880000000000003
0,GME,4,VMF,0.40249455774050846,1.3201110447095832,0.1388
0,GME,4,wVMF,0.4025516938465662,1.3201556016767637,0.1389
0,GME,4,true,0.42088379619362115,1.3633580788012427,0.13820000000000002
0,GME,4,GMM,0.5666086071743427,2.577199874285019,0.5658
0,GME,4,GME,0.42918427409816307,1.3810384159561648,0.1449
0,GME,4,VMF,0.4072122437618032,1.325138704023551,0.1451
0,GME,4,wVMF,0.4074232795550832,1.325719744540811,0.1451
0,GME,4,true,0.4287918161972164,1.3796065901737482,0.14539999999999997
0,GME,4,GMM,0.5477507844323198,2.0379166100140393,0.48129999999999995
0,GME,4,GME,0.4292616165757866,1.3760451259423072,0.14750000000000002
0,GME,4,VMF,0.4106358056191679,1.3298129284937938,0.14850000000000002
0,GME,4,wVMF,0.4107879757536638,1.3302551416667603,0.1484
0,GME,4,true,0.42904604838723764,1.3751970715038424,0.14750000000000002
0,GME,4,GMM,0.5973485928460885,2.1514458647645642,0.46769999999999995
0,GME,4,GME,0.4342763310443415,1.3941736914477263,0.1311
0,GME,4,VMF,0.4090332952523978,1.329447896042391,0.1307
0,GME,4,wVMF,0.40923544634094206,1.3299082080615086,0.1307
0,GME,4,true,0.4341745103960946,1.393554498523405,0.13130000000000003
0,GME,4,GMM,0.5484398957318618,2.245405201513021,0.5644
0,GME,4,GME,0.4295082036719672,1.3800811088003953,0.15089999999999998
0,GME,4,VMF,0.4088716093451062,1.330142223664989,0.1509
0,GME,4,wVMF,0.4419643440726846,1.824005615981792,0.42860000000000004
0,GME,4,true,0.42919396634679235,1.3788118263399045,0.1513
0,GME,4,GMM,0.5496027039488242,1.9635125248191083,0.472
0,GME,4,GME,0.43176881091411123,1.379645135336818,0.13800000000000004
0,GME,4,VMF,0.4100134412554787,1.3249892605372602,0.1375
0,GME,4,wVMF,0.4101645517547853,1.3253429753716588,0.1376
0,GME,4,true,0.4314469134903332,1.3783384855846323,0.1377
0,GME,4,GMM,0.5356573377382029,2.378441046359826,0.5671999999999999
0,GME,4,GME,0.4241124701052713,1.3635691648708892,0.1496
0,GME,4,VMF,0.40582171622709595,1.3186944474408067,0.15
0,GME,4,wVMF,0.40612322656065347,1.31951561682948,0.1499
0,GME,4,true,0.42400880607902786,1.362929955626913,0.15020000000000003
0,GME,4,GMM,0.5585609193908591,2.7235688816831582,0.5536
0,GME,4,GME,0.42179312382341144,1.364368617332507,0.15009999999999998
0,GME,4,VMF,0.4034429537223465,1.3201263826095282,0.1501
0,GME,4,wVMF,0.4035169574427531,1.3203460873102286,0.15020000000000003
0,GME,4,true,0.4216080565331685,1.3634741244465918,0.1505
0,GME,4,GMM,0.5609110801437543,2.537648973749262,0.5577
0,GME,4,GME,0.42873500743029813,1.3733225966803997,0.13840000000000002
0,GME,4,VMF,0.40669408265227885,1.3180727412676199,0.13840000000000002
0,GME,4,wVMF,0.40688221246398204,1.3186157857631209,0.1383
0,GME,4,true,0.42851416558789845,1.3724766882952362,0.13830000000000003
0,GME,4,GMM,0.6115728034912297,3.145618631958892,0.5559000000000001
0,GME,4,GME,0.4259721579855572,1.3771466255299953,0.1325
0,GME,4,VMF,0.4990554903386287,2.686108101182863,0.44010000000000005
0,GME,4,wVMF,0.40190738653813957,1.3159313701835083,0.13290000000000002
0,GME,4,true,0.42554801404528825,1.3754930526026898,0.13269999999999998
0,GME,4,GMM,0.5256652510941315,2.307690958975018,0.5856
0,GME,4,GME,0.42179707037261754,1.365336663716895,0.1568
0,GME,4,VMF,0.4054949328641915,1.3283652994766655,0.1558
0,GME,4,wVMF,0.4056113566810028,1.3284508005023832,0.15589999999999998
0,GME,4,true,0.421509084965175,1.3641301019283598,0.1571
0,GME,4,GMM,0.5472516155764485,2.026167863119743,0.48179999999999995
0,GME,4,GME,0.42833361273532067,1.3749439467414644,0.15180000000000002
0,GME,4,VMF,0.4090572842463679,1.3267832143999503,0.15130000000000002
0,GME,4,wVMF,0.40921617471655997,1.3273454276460737,0.1516
0,GME,4,true,0.42826019437984864,1.374355548032958,0.15209999999999999
0,VMF,4,GMM,0.514271050178382,0.04898184934599945,0.6626000000000001
0,VMF,4,GME,0.6598151583224434,0.031300784616390236,0.0
0,VMF,4,VMF,0.17398716009103646,0.031179636572109336,0.0
0,VMF,4,wVMF,0.387224036347647,0.03549338071873008,0.0
0,VMF,4,true,0.1738917065574478,0.03116080360631827,0.0
0,VMF,4,GMM,0.5974858564536053,0.04907497606976309,0.6577
0,VMF,4,GME,0.7325976850935403,0.03169829578505663,0.0
0,VMF,4,VMF,0.1737215399392881,0.03159976213511688,0.0
0,VMF,4,wVMF,0.36010687563645016,0.03349425966782611,0.0001
0,VMF,4,true,0.1736608068187187,0.031593128630411464,0.0
0,VMF,4,GMM,0.551390979161976,0.04771969627219476,0.6585
0,VMF,4,GME,0.6960602196491895,0.030588818548880403,0.0001
0,VMF,4,VMF,0.1735555774960733,0.030446023353408076,0.0001
0,VMF,4,wVMF,0.378691173487003,0.033440096605733785,0.0001
0,VMF,4,true,0.17348832720770016,0.03043506311691352,0.0001
0,VMF,4,GMM,0.48502029409672787,0.061700062594297146,0.5004000000000001
0,VMF,4,GME,0.6092237508482133,0.03201500346619093,0.0001
0,VMF,4,VMF,0.17352234647890968,0.03188736589967959,0.0001
0,VMF,4,wVMF,0.3847050467390984,0.04020406511327952,0.0
0,VMF,4,true,0.17343528337338907,0.03187261463586856,0.0001
0,VMF,4,GMM,0.527782624933433,0.0485798683846424,0.6536000000000001
0,VMF,4,GME,0.672312573804906,0.032177261374916596,0.0
0,VMF,4,VMF,0.1742909376669906,0.032028073522017135,0.0
0,VMF,4,wVMF,0.39290826085978703,0.03647118800234513,0.0
0,VMF,4,true,0.17419330224180354,0.032003671195621114,0.0
0,VMF,4,GMM,0.5914609541975837,0.054179540037739914,0.658
0,VMF,4,GME,0.724910979817815,0.03131927097114681,0.0
0,VMF,4,VMF,0.17426958444420984,0.031190630919905482,0.0
0,VMF,4,wVMF,0.3706510567468788,0.03308720440052378,0.0
0,VMF,4,true,0.1741740172462501,0.031178597705014112,0.0
0,VMF,4,GMM,0.5495733357782394,0.07059170467153039,0.5013
0,VMF,4,GME,0.6731346661782949,0.031580040591394534,0.0001
0,VMF,4,VMF,0.17329176267094878,0.03144879979186079,0.0001
0,VMF,4,wVMF,0.3922851109973037,0.03549699731404336,0.0001
0,VMF,4,true,0.17325648616358919,0.03144106911886718,0.0001
0,VMF,4,GMM,0.5120664643566994,0.0575744347353616,0.4984
0,VMF,4,GME,0.6466114005916361,0.030785230095694494,0.0001
0,VMF,4,VMF,0.17402512054359875,0.030706742344919175,0.0001
0,VMF,4,wVMF,0.3657906630584183,0.037211592601359485,0.0004
0,VMF,4,true,0.17394936405209643,0.030695468350001635,0.0001
0,VMF,4,GMM,0.5538187529286399,0.07079310617662357,0.48979999999999996
0,VMF,4,GME,0.6728179035087558,0.03227231007083633,0.0001
0,VMF,4,VMF,0.17442575917785796,0.032178363894044625,0.0001
0,VMF,4,wVMF,0.38108119990995465,0.03622763057188303,0.0001
0,VMF,4,true,0.17437734467681182,0.032168658001144476,0.0001
0,VMF,4,GMM,0.6468835551053702,0.03172444225512805,0.6127
0,VMF,4,GME,0.7163310945679499,0.0314452457413151,0.0
0,VMF,4,VMF,0.1737318873870239,0.03128959762303908,0.0
0,VMF,4,wVMF,0.37769801408996545,0.03342367315737917,0.0
0,VMF,4,true,0.1736746734728995,0.03129565076303174,0.0
0,VMF,4,GMM,0.46829452879343664,0.06827395788293904,0.5513000000000001
0,VMF,4,GME,0.5841477986365116,0.0323772108157811,0.0001
0,VMF,4,VMF,0.1731526080371117,0.03225886067814069,0.0001
0,VMF,4,wVMF,0.393860781849659,0.041643505997199036,0.0009000000000000001
0,VMF,4,true,0.173093343238868,0.03225171656707303,0.0001
0,VMF,4,GMM,0.49349668034178534,0.04826398095163067,0.6634
0,VMF,4,GME,0.6363046353677906,0.03041317258317352,0.0001
0,VMF,4,VMF,0.17286918481175537,0.03027985665444735,0.0001
0,VMF,4,wVMF,0.3858636349769199,0.036877577425640844,0.0001
0,VMF,4,true,0.17281224213429763,0.030262142025302436,0.0002
0,VMF,4,GMM,0.45884723593590226,0.04549230945841641,0.6597
0,VMF,4,GME,0.601498530545853,0.03111633093420718,0.0
0,VMF,4,VMF,0.17206228745577792,0.031024029731572488,0.0
0,VMF,4,wVMF,0.40764625036128355,0.040087567627107995,0.0
0,VMF,4,true,0.17200332811538382,0.031009834143471866,0.0
0,VMF,4,GMM,0.559927916141998,0.06696172165293983,0.5002
0,VMF,4,GME,0.667392897561547,0.030721902356959086,0.0
0,VMF,4,VMF,0.17454587242042907,0.030621549302691075,0.0
0,VMF,4,wVMF,0.38021215679088016,0.034711045323284916,0.0
0,VMF,4,true,0.17446363620052088,0.0306114529535091,0.0
0,VMF,4,GMM,0.5979525162325148,0.07392072162979327,0.5123
0,VMF,4,GME,0.7086114694838505,0.03157773657538555,0.0
0,VMF,4,VMF,0.17362180347582262,0.031497824869665694,0.0
0,VMF,4,wVMF,0.37661465278200357,0.03372593306563561,0.0
0,VMF,4,true,0.17355519913410614,0.031478655179523335,0.0
0,VMF,4,GMM,0.5280475801825704,0.04392253864277941,0.6573
0,VMF,4,GME,0.6756119484073064,0.03158147462946401,0.0
0,VMF,4,VMF,0.17348549787104608,0.03147672046257015,0.0
0,VMF,4,wVMF,0.3775312849163035,0.03566494328272143,0.0
0,VMF,4,true,0.17339703579644533,0.03146178030881304,0.0
0,VMF,4,GMM,0.5125234431476502,0.04801890580965281,0.6542
0,VMF,4,GME,0.6582221625043105,0.03180306687822143,0.0
0,VMF,4,VMF,0.17342056219661886,0.031688350870265766,0.0
0,VMF,4,wVMF,0.39364651268089806,0.036813723029335256,0.0001
0,VMF,4,true,0.17336758280432613,0.03167294329752608,0.0
0,VMF,4,GMM,0.535254636045716,0.05066405841084254,0.6638
0,VMF,4,GME,0.6798780837504366,0.03005321864299389,0.0
0,VMF,4,VMF,0.2824200837907985,0.04873052405660784,0.37439999999999996
0,VMF,4,wVMF,0.3831047399613845,0.03317077575482616,0.0
0,VMF,4,true,0.17380534816502932,0.02998839367774638,0.0
0,VMF,4,GMM,0.5613564626110688,0.06592822184052144,0.5353
0,VMF,4,GME,0.6883859973505491,0.0311173124691339,0.0
0,VMF,4,VMF,0.17373036727218746,0.030982949700558992,0.0
0,VMF,4,wVMF,0.3763740689744311,0.03482214245130017,0.0
0,VMF,4,true,0.17366538935459977,0.030982805736515136,0.0
0,VMF,4,GMM,0.537092418928857,0.05950573092746113,0.5021000000000001
0,VMF,4,GME,0.6668015259971595,0.0317651742527202,0.0006000000000000001
0,VMF,4,VMF,0.1733875088494971,0.03167260714624478,0.0005
0,VMF,4,wVMF,0.3532317891988774,0.039015962536284574,0.0021000000000000003
0,VMF,4,true,0.17333711319992148,0.03165576581399021,0.0005
0,VMF,4,GMM,0.4633928953683686,0.05824694579022127,0.493
0,VMF,4,GME,0.5880371441681266,0.031401849784372195,0.0011
0,VMF,4,VMF,0.17358845370324613,0.03132420865648846,0.0012000000000000001
0,VMF,4,wVMF,0.37632710660672425,0.03939970347824099,0.0016
0,VMF,4,true,0.173510601323864,0.03130474633774339,0.0012000000000000001
0,VMF,4,GMM,0.49666427868307716,0.04501107766782349,0.6535
0,VMF,4,GME,0.6433590558388589,0.03334129485717931,0.0
0,VMF,4,VMF,0.17460873625677237,0.03324556076572251,0.0
0,VMF,4,wVMF,0.38900345990274604,0.039183723211233,0.0002
0,VMF,4,true,0.17455031103126745,0.03324028837590624,0.0
0,VMF,4,GMM,0.5690625175476665,0.05171326190583274,0.6489
0,VMF,4,GME,0.7084053626322677,0.03313104751542996,0.0
0,VMF,4,VMF,0.17275912805248006,0.03305102811261743,0.0
0,VMF,4,wVMF,0.3863986178950994,0.03682239849100729,0.0
0,VMF,4,true,0.17263564915342516,0.03301859837499503,0.0
0,VMF,4,GMM,0.4333070954814174,0.06048988186462386,0.6975999999999999
0,VMF,4,GME,0.5511190570399872,0.03181188014412538,0.0002
0,VMF,4,VMF,0.1735948412175472,0.03168855465323146,0.0002
0,VMF,4,wVMF,0.3979673438418783,0.044341709547530625,0.0002
0,VMF,4,true,0.17350750595368794,0.03167677253950284,0.0001
0,VMF,4,GMM,0.5352960368542508,0.06881759616491272,0.49190000000000006
0,VMF,4,GME,0.6268606793151056,0.03130685394289091,0.0001
0,VMF,4,VMF,0.17452691959133865,0.031252602136055664,0.0001
0,VMF,4,wVMF,0.40139837704882053,0.037311490546658894,0.0
0,VMF,4,true,0.17443425108695634,0.031231439531270444,0.0001
0,VMF,4,GMM,0.572131203575311,0.04775414420530762,0.6648
0,VMF,4,GME,0.7147572876991461,0.03110596177250789,0.0
0,VMF,4,VMF,0.2768925633336162,0.04881906367484321,0.3692000000000001
0,VMF,4,wVMF,0.36556295500486263,0.03370238289523815,0.0
0,VMF,4,true,0.17327625193834298,0.030992325943967763,0.0
0,VMF,4,GMM,0.5055568943886111,0.04871411295097281,0.6590999999999999
0,VMF,4,GME,0.6497831142692114,0.03142473409209558,0.0
0,VMF,4,VMF,0.17355019043919323,0.03133411140184372,0.0
0,VMF,4,wVMF,0.39893980326120737,0.03708545392975417,0.0
0,VMF,4,true,0.1734549214861807,0.031311811544896165,0.0
0,VMF,4,GMM,0.49143855662159525,0.04798318407129191,0.6592
0,VMF,4,GME,0.6381049434045671,0.03196576444715462,0.0
0,VMF,4,VMF,0.17434419780523736,0.03182273131677019,0.0
0,VMF,4,wVMF,0.4024407567116307,0.03790706374628174,0.0
0,VMF,4,true,0.1742715193250769,0.031816008030616495,0.0
0,VMF,4,GMM,0.5046911335629316,0.06791323383435337,0.49959999999999993
0,VMF,4,GME,0.6252425489221709,0.03204218561857565,0.0
0,VMF,4,VMF,0.25257174724490306,0.04613286660653647,0.37229999999999996
0,VMF,4,wVMF,0.4048118986027404,0.03969592728700866,0.0
0,VMF,4,true,0.17419487459274108,0.03191287244529694,0.0
0,VMF,4,GMM,0.5204299145822977,0.06678344495144951,0.499
0,VMF,4,GME,0.6478191354255721,0.030620978097495054,0.0
0,VMF,4,VMF,0.23654700263748488,0.041477555503593146,0.3789
0,VMF,4,wVMF,0.37671664850346537,0.035080172755932795,0.0
0,VMF,4,true,0.17366132567949372,0.03046472756780111,0.0
0,VMF,4,GMM,0.49750846384202474,0.0639206412521596,0.49219999999999997
0,VMF,4,GME,0.6173000649824677,0.03084223938708941,0.0001
0,VMF,4,VMF,0.17335577550597694,0.030769999008994686,0.0001
0,VMF,4,wVMF,0.39498448782873663,0.03807402627708886,0.0002
0,VMF,4,true,0.17330325728090662,0.03075363244880557,0.0001
0,VMF,4,GMM,0.5921004009557846,0.04866342315005857,0.6568
0,VMF,4,GME,0.7673298889692995,0.07429347628318461,0.36119999999999997
0,VMF,4,VMF,0.17344549625894023,0.03198121138134098,0.0
0,VMF,4,wVMF,0.3750609848994024,0.03416559190617955,0.0
0,VMF,4,true,0.17334782304252752,0.03197476746189995,0.0
0,VMF,4,GMM,0.4712451127917562,0.06292262529664328,0.5027999999999999
0,VMF,4,GME,0.5948491550116165,0.0327702742711647,0.0
0,VMF,4,VMF,0.17466720235164296,0.032666283996090055,0.0001
0,VMF,4,wVMF,0.40309059542673537,0.041658461418189366,0.0004
0,VMF,4,true,0.17461752741426287,0.032645708406694875,0.0002
0,VMF,4,GMM,0.5537638872315431,0.0532536496088014,0.6569
0,VMF,4,GME,0.6923602595846509,0.03241016536774644,0.0
0,VMF,4,VMF,0.17384608452635125,0.032297933330353565,0.0
0,VMF,4,wVMF,0.3810532507872397,0.035622933481231626,0.0
0,VMF,4,true,0.17378153446486086,0.032284455858833785,0.0
0,VMF,4,GMM,0.5210506282677592,0.04876652904586659,0.6629
0,VMF,4,GME,0.6639016212345304,0.029358679722436654,0.0
0,VMF,4,VMF,0.17393858499811907,0.029273074743239046,0.0
0,VMF,4,wVMF,0.37973547646489136,0.03285628215247641,0.0
0,VMF,4,true,0.17386427754100436,0.029260830004132283,0.0
0,VMF,4,GMM,0.5823289994732895,0.05218735864388221,0.6594000000000001
0,VMF,4,GME,0.7194613167468198,0.032315235997111745,0.0
0,VMF,4,VMF,0.1736320291342504,0.03218236627788598,0.0
0,VMF,4,wVMF,0.37183857115813373,0.034664267456526274,0.0
0,VMF,4,true,0.1735591887273386,0.032164322239786367,0.0
0,VMF,4,GMM,0.5277778193742146,0.06754612197335945,0.4946
0,VMF,4,GME,0.6180299207993015,0.03283811513674821,0.0002
0,VMF,4,VMF,0.23861898745310367,0.04541521587723536,0.3736
0,VMF,4,wVMF,0.40124150560783567,0.04091691405472584,0.00030000000000000003
0,VMF,4,true,0.17342869138393188,0.032720500220432644,0.0001
0,VMF,4,GMM,0.4811232518364861,0.06128944167911613,0.4959999999999999
0,VMF,4,GME,0.608080060526288,0.032381616775735124,0.0002
0,VMF,4,VMF,0.17403151785345372,0.032285253034819474,0.0001
0,VMF,4,wVMF,0.38486549802747877,0.04031536353711525,0.00030000000000000003
0,VMF,4,true,0.17395258498664656,0.032279535615616806,0.00030000000000000003
0,VMF,4,GMM,0.5789642725438495,0.0443347189117622,0.6588
0,VMF,4,GME,0.7225933883772446,0.0312925813598821,0.0
0,VMF,4,VMF,0.17469802303469573,0.031179453681486224,0.0
0,VMF,4,wVMF,0.3557147938188418,0.03409463281958754,0.0
0,VMF,4,true,0.17459996895310617,0.031157976961252016,0.0
0,VMF,4,GMM,0.5322842566951484,0.05138659214822531,0.6577999999999999
0,VMF,4,GME,0.6747867802618697,0.031928723429598606,0.0
0,VMF,4,VMF,0.17369441377831785,0.03183070145367478,0.0
0,VMF,4,wVMF,0.3755912806039965,0.03591921074400848,0.0001
0,VMF,4,true,0.17364492907243373,0.031825998325478146,0.0
0,VMF,4,GMM,0.5513717215996602,0.04341907092454538,0.6616000000000001
0,VMF,4,GME,0.700434430420789,0.031040083493334824,0.0
0,VMF,4,VMF,0.1734705748748661,0.030916878985796602,0.0
0,VMF,4,wVMF,0.36122237829715964,0.03374283603440168,0.0001
0,VMF,4,true,0.17335310136133106,0.03089250163523328,0.0
0,VMF,4,GMM,0.5520049149609104,0.06729700025090728,0.5056999999999999
0,VMF,4,GME,0.6796712050299872,0.03113012687296557,0.0
0,VMF,4,VMF,0.27398722803818876,0.04846822760475588,0.37120000000000003
0,VMF,4,wVMF,0.38566320677942023,0.03428674747013502,0.0
0,VMF,4,true,0.1737036201851895,0.03098041541490068,0.0
0,VMF,4,GMM,0.5023578058308275,0.0644512305566659,0.5006
0,VMF,4,GME,0.619184161180011,0.0313509989989877,0.0001
0,VMF,4,VMF,0.17380490955524489,0.031268444736642934,0.0001
0,VMF,4,wVMF,0.39500739312633754,0.03838384773165104,0.0001
0,VMF,4,true,0.1737061581882231,0.03124846187517345,0.0001
0,VMF,4,GMM,0.5109776600162147,0.04762273479547659,0.6632
0,VMF,4,GME,0.6576447213374348,0.03155027919191394,0.0
0,VMF,4,VMF,0.17312477116843397,0.03143483393279507,0.0
0,VMF,4,wVMF,0.3918477606705011,0.035867228488532396,0.0
0,VMF,4,true,0.1730578324824633,0.03142346485142081,0.0
0,VMF,4,GMM,0.519696059439401,0.04464770729582297,0.6597
0,VMF,4,GME,0.6688185768845696,0.030788715190334177,0.0
0,VMF,4,VMF,0.25367378645690153,0.04456439545566397,0.3718
0,VMF,4,wVMF,0.5455462055458057,0.06964516735383217,0.48950000000000005
0,VMF,4,true,0.1737345769624092,0.030668907195646244,0.0
0,VMF,4,GMM,0.534635794793376,0.05561094725801201,0.6649
0,VMF,4,GME,0.6722727142342534,0.032028295203388825,0.0
0,VMF,4,VMF,0.1725034648205649,0.031924765040013736,0.0
0,VMF,4,wVMF,0.393654872269495,0.035816591124880164,0.0
0,VMF,4,true,0.1724287299871719,0.031917905296528576,0.0
0,VMF,4,GMM,0.5480577708429346,0.0504513936238391,0.6582
0,VMF,4,GME,0.6892377821002216,0.031490825015242044,0.0
0,VMF,4,VMF,0.17422923427726394,0.031389406552767854,0.0
0,VMF,4,wVMF,0.38818172024863123,0.0344685021242214,0.0
0,VMF,4,true,0.17413143005478138,0.0313808670119069,0.0
0,VMF,4,GMM,0.5187404978002753,0.04077152152639381,0.6628999999999999
0,VMF,4,GME,0.6693135789758552,0.03118989255149161,0.0002
0,VMF,4,VMF,0.1726553267213465,0.031036072563238072,0.0002
0,VMF,4,wVMF,0.37131337281825233,0.036314308012906714,0.0002
0,VMF,4,true,0.17255724334518024,0.03101350276489301,0.0002
0,VMF,4,GMM,0.5164548045588493,0.06454710269619315,0.4997
0,VMF,4,GME,0.6099320074958451,0.032511673298101305,0.0006000000000000001
0,VMF,4,VMF,0.17324248111530136,0.03242773297855165,0.0006000000000000001
0,VMF,4,wVMF,0.3820743840858397,0.03991262645285377,0.0009000000000000001
0,VMF,4,true,0.17320994640540283,0.03242498795105632,0.0006000000000000001
0,VMF,4,GMM,0.4968184163848077,0.06805550976577665,0.5435000000000001
0,VMF,4,GME,0.6185297693755736,0.03236759455111847,0.0
0,VMF,4,VMF,0.17409851985380503,0.03227351200487591,0.0
0,VMF,4,wVMF,0.40364977980076217,0.039746964890172175,0.0
0,VMF,4,true,0.17404217018317103,0.03226326045788179,0.0
0,wVMF,4,GMM,0.5144012092499836,0.053221346120818046,0.6512
0,wVMF,4,GME,0.6572229790703108,0.032704932491087475,0.0
0,wVMF,4,VMF,0.17385249414824983,0.0325387053132021,0.0
0,wVMF,4,wVMF,0.39592165081557096,0.03813338439045579,0.0
0,wVMF,4,true,0.3564116043479085,0.03254762314905628,0.0
0,wVMF,4,GMM,0.4523964799781199,0.04756570125475486,0.6569
0,wVMF,4,GME,0.5948429923022354,0.03169411893152191,0.0001
0,wVMF,4,VMF,0.1735843792470742,0.03158665037038776,0.0001
0,wVMF,4,wVMF,0.40847094524699556,0.04105205686420893,0.0
0,wVMF,4,true,0.3618088422742816,0.03158754981276814,0.0001
0,wVMF,4,GMM,0.49594075066777454,0.06412681108449178,0.4993
0,wVMF,4,GME,0.6142548833780344,0.03147637581102496,0.0
0,wVMF,4,VMF,0.17462386840386765,0.03139336248167561,0.0
0,wVMF,4,wVMF,0.39880566286985497,0.03889067863847322,0.0
0,wVMF,4,true,0.3557024349144447,0.03138912942603285,0.0
0,wVMF,4,GMM,0.5782031938079243,0.0543690909317616,0.661
0,wVMF,4,GME,0.713601798844767,0.031114170320368985,0.0
0,wVMF,4,VMF,0.17396252944137505,0.03100644455815333,0.0
0,wVMF,4,wVMF,0.3737488390997477,0.03308949414898469,0.0
0,wVMF,4,true,0.33619931765627686,0.03101823616028997,0.0
0,wVMF,4,GMM,0.5778889709848845,0.05045122346040769,0.6508
0,wVMF,4,GME,0.7154207335262639,0.03266348588077253,0.0
0,wVMF,4,VMF,0.1737339966864806,0.03255646393562485,0.0
0,wVMF,4,wVMF,0.3786544020104051,0.0348370935286486,0.0
0,wVMF,4,true,0.34656906418470773,0.03256409439339616,0.0
0,wVMF,4,GMM,0.5272515912046201,0.0491274675163607,0.652
0,wVMF,4,GME,0.671021602496418,0.03306572319765241,0.0
0,wVMF,4,VMF,0.1737430490162875,0.032965392268832584,0.0
0,wVMF,4,wVMF,0.3943347018643508,0.038603923635224746,0.0
0,wVMF,4,true,0.35640619367836246,0.03296235382802194,0.0
0,wVMF,4,GMM,0.5171909198319378,0.05418234452415088,0.6588999999999999
0,wVMF,4,GME,0.6547227376896971,0.03217119033138073,0.0
0,wVMF,4,VMF,0.17464861398507708,0.03207270176603594,0.0
0,wVMF,4,wVMF,0.39822885269292724,0.037183180185388236,0.0
0,wVMF,4,true,0.35647182455921894,0.032090368225282745,0.0
0,wVMF,4,GMM,0.5663077386654776,0.06457215870772984,0.5315000000000001
0,wVMF,4,GME,0.688492700946138,0.031079449487700715,0.00030000000000000003
0,wVMF,4,VMF,0.29418883743984264,0.05162266728695543,0.3756
0,wVMF,4,wVMF,0.3756233258575518,0.035179637567906874,0.00030000000000000003
0,wVMF,4,true,0.3396812159185888,0.030932343564242244,0.00030000000000000003
0,wVMF,4,GMM,0.48773207040894795,0.06786533725256898,0.49139999999999995
0,wVMF,4,GME,0.6065457711291954,0.0480525282668918,0.36819999999999997
0,wVMF,4,VMF,0.17439521815950348,0.03162110215945494,0.0
0,wVMF,4,wVMF,0.40142551683023486,0.0391470961745561,0.0
0,wVMF,4,true,0.3573254270016667,0.03161354783554621,0.0
0,wVMF,4,GMM,0.5195912433806283,0.04862926205099695,0.6491999999999999
0,wVMF,4,GME,0.6646305186323055,0.03243875523553149,0.0
0,wVMF,4,VMF,0.17404296775458306,0.03232134642192817,0.0
0,wVMF,4,wVMF,0.5332367300457573,0.06605540371114524,0.2521
0,wVMF,4,true,0.35631936733814146,0.03232081685922904,0.0
0,wVMF,4,GMM,0.49810346861387716,0.045032751893767466,0.6575
0,wVMF,4,GME,0.6479808912561809,0.03060679951480839,0.0
0,wVMF,4,VMF,0.172718368576316,0.030508446901791053,0.0
0,wVMF,4,wVMF,0.3961238093589583,0.03602636209582605,0.0
0,wVMF,4,true,0.3478034601361476,0.030527377543325275,0.0
0,wVMF,4,GMM,0.7304467676011152,0.03246235042040059,0.6063000000000001
0,wVMF,4,GME,0.7608392939360511,0.05121529850273108,0.3694
0,wVMF,4,VMF,0.1729579382432839,0.03218569729654279,0.0
0,wVMF,4,wVMF,0.3687428411938992,0.03421103261545051,0.0
0,wVMF,4,true,0.3403259744935403,0.03218992552047105,0.0
0,wVMF,4,GMM,0.5938892588182713,0.052533255113172785,0.6573
0,wVMF,4,GME,0.7290790229531561,0.03132887100927671,0.0
0,wVMF,4,VMF,0.173136093844988,0.031212747700236677,0.0
0,wVMF,4,wVMF,0.3644620246107875,0.032930868812185064,0.0
0,wVMF,4,true,0.33754221304452453,0.031216988119244893,0.0
0,wVMF,4,GMM,0.5125686387779604,0.05151881332143797,0.652
0,wVMF,4,GME,0.65134193612943,0.04526153382939557,0.3678
0,wVMF,4,VMF,0.2505872512534809,0.04483449651511486,0.3688
0,wVMF,4,wVMF,0.38952006074513223,0.03686612945197384,0.0001
0,wVMF,4,true,0.348991750929727,0.03157270405576209,0.0
0,wVMF,4,GMM,0.5930092877423941,0.05137677314956175,0.6601
0,wVMF,4,GME,0.7292837555731582,0.03116266676883205,0.0
0,wVMF,4,VMF,0.1738661661146167,0.03101216921790666,0.0
0,wVMF,4,wVMF,0.3698805314445139,0.03298083969287009,0.0
0,wVMF,4,true,0.3331092573947034,0.030999078464210527,0.0
0,wVMF,4,GMM,0.5238416890142934,0.06653037991433314,0.49800000000000005
0,wVMF,4,GME,0.6428388681416376,0.030486990464803347,0.0001
0,wVMF,4,VMF,0.17328271766219844,0.03041963889336431,0.0001
0,wVMF,4,wVMF,0.3898783765987474,0.0352994319413102,0.0001
0,wVMF,4,true,0.3482515019319095,0.030416436991086666,0.0001
0,wVMF,4,GMM,0.5238926614531975,0.05095061815153458,0.6449999999999999
0,wVMF,4,GME,0.6645003631124926,0.03234852555215006,0.0
0,wVMF,4,VMF,0.17426693500786156,0.032271163598917726,0.0
0,wVMF,4,wVMF,0.3956835490663725,0.03655969534386735,0.0
0,wVMF,4,true,0.35727215433500537,0.03225645912635851,0.0
0,wVMF,4,GMM,0.6101034674488144,0.05973887793010267,0.49800000000000005
0,wVMF,4,GME,0.7318815169279851,0.031052877154058457,0.0001
0,wVMF,4,VMF,0.22908813567328895,0.04051911902424298,0.3728
0,wVMF,4,wVMF,0.3432061618536023,0.0345808267221061,0.0001
0,wVMF,4,true,0.32556708599269263,0.030928224056828036,0.0001
0,wVMF,4,GMM,0.5345907169846884,0.07188150729565611,0.49260000000000004
0,wVMF,4,GME,0.6483364515032815,0.03273340672790168,0.0
0,wVMF,4,VMF,0.1745653090228801,0.03263442767755021,0.0
0,wVMF,4,wVMF,0.40584357635869556,0.037748085052635674,0.0
0,wVMF,4,true,0.3589967566352316,0.03263138077761628,0.0
0,wVMF,4,GMM,0.5227972970156767,0.050989394409296916,0.6587999999999999
0,wVMF,4,GME,0.6664499706295178,0.031769053852292194,0.0
0,wVMF,4,VMF,0.1738634381640271,0.03163544527290334,0.0
0,wVMF,4,wVMF,0.3885726781800594,0.03578484844590063,0.0
0,wVMF,4,true,0.3507395993316654,0.03164254946257981,0.0
0,wVMF,4,GMM,0.569211282513726,0.0449542887979968,0.6578
0,wVMF,4,GME,0.7149752549007293,0.031360994766801556,0.0
0,wVMF,4,VMF,0.17387844553316234,0.03125312751032577,0.0
0,wVMF,4,wVMF,0.3660317413646067,0.03410825203770361,0.0
0,wVMF,4,true,0.33551390052044583,0.031253090489417976,0.0
0,wVMF,4,GMM,0.5045410779937018,0.04489030212284759,0.6527000000000001
0,wVMF,4,GME,0.6517431721814075,0.031080609593603946,0.0
0,wVMF,4,VMF,0.17404660615418943,0.03098881643836503,0.0
0,wVMF,4,wVMF,0.3898871565375055,0.035899328586953674,0.0
0,wVMF,4,true,0.34884240438751807,0.030993471583360833,0.0
0,wVMF,4,GMM,0.5304587333255519,0.0495703395006322,0.6576000000000001
0,wVMF,4,GME,0.6741277092654252,0.03217036815135763,0.0
0,wVMF,4,VMF,0.17329541067064325,0.032035242557805835,0.0
0,wVMF,4,wVMF,0.3936253056763248,0.03604765625607677,0.0
0,wVMF,4,true,0.35270090455539316,0.032047665584167113,0.0
0,wVMF,4,GMM,0.5554685135122573,0.05286144039967792,0.6553
0,wVMF,4,GME,0.6975482717038901,0.03194877966083094,0.0
0,wVMF,4,VMF,0.17380085160541986,0.031838078810500915,0.0
0,wVMF,4,wVMF,0.3870544981306267,0.03428900651409566,0.0
0,wVMF,4,true,0.34792366246311607,0.031851223154763665,0.0
0,wVMF,4,GMM,0.5152259575315802,0.03977772417526557,0.6616
0,wVMF,4,GME,0.6672994647140169,0.030570103085114642,0.0005
0,wVMF,4,VMF,0.22590373742262573,0.03970953624266271,0.37249999999999994
0,wVMF,4,wVMF,0.3620046526827463,0.03480277827288626,0.0007
0,wVMF,4,true,0.33569291823213526,0.030470542777139405,0.0006000000000000001
0,wVMF,4,GMM,0.5522818686353039,0.04996818404024463,0.6546000000000001
0,wVMF,4,GME,0.7215587311184976,0.05071853066105625,0.3627
0,wVMF,4,VMF,0.2643979527907904,0.04944345572645582,0.36849999999999994
0,wVMF,4,wVMF,0.38071341394485353,0.03613235349700787,0.0001
0,wVMF,4,true,0.3498945791321059,0.03325040816331894,0.0
0,wVMF,4,GMM,0.6777601848313017,0.05998549640810692,0.6596
0,wVMF,4,GME,0.7742328545796346,0.03230745007519592,0.0
0,wVMF,4,VMF,0.3160684650055006,0.057250420525674695,0.36669999999999997
0,wVMF,4,wVMF,0.3493411801616815,0.032985553593601044,0.0
0,wVMF,4,true,0.32979933375512543,0.03213682487915661,0.0
0,wVMF,4,GMM,0.46605075508276117,0.06298203111037252,0.5005
0,wVMF,4,GME,0.591220838502091,0.03193287218968184,0.0
0,wVMF,4,VMF,0.17309235794577568,0.03182293293278509,0.0
0,wVMF,4,wVMF,0.4125238325180319,0.042497017120542005,0.0
0,wVMF,4,true,0.3620695901265237,0.03183419763287614,0.0
0,wVMF,4,GMM,0.5821110934505538,0.05101560008311876,0.6566000000000001
0,wVMF,4,GME,0.7189282049229972,0.03246670664490583,0.0
0,wVMF,4,VMF,0.17323101601449215,0.03232779187637447,0.0
0,wVMF,4,wVMF,0.3792246420789235,0.034759425253009554,0.0
0,wVMF,4,true,0.3446802333354236,0.032345663139127574,0.0
0,wVMF,4,GMM,0.5591605072809573,0.05287106780417935,0.6542000000000001
0,wVMF,4,GME,0.6975806239032908,0.032106957268013214,0.0
0,wVMF,4,VMF,0.2558818847884175,0.04714881520725525,0.36950000000000005
0,wVMF,4,wVMF,0.3794831793425591,0.036340112658325645,0.0
0,wVMF,4,true,0.3458924646738284,0.03199982842693629,0.0
0,wVMF,4,GMM,0.5144759339841072,0.04628500827194786,0.6591
0,wVMF,4,GME,0.6625911802402007,0.02984408401474383,0.0
0,wVMF,4,VMF,0.17396449178516615,0.029735035396041366,0.0
0,wVMF,4,wVMF,0.3872642920107458,0.03373570815737026,0.0
0,wVMF,4,true,0.3424788294948572,0.029728905020372863,0.0
0,wVMF,4,GMM,0.4984638682201469,0.05065086466843962,0.6568
0,wVMF,4,GME,0.6410940299921852,0.03248007202145053,0.0
0,wVMF,4,VMF,0.17415189166229467,0.03237421025361054,0.0
0,wVMF,4,wVMF,0.4059075304132924,0.03805080418345113,0.0
0,wVMF,4,true,0.36014039032450806,0.03239615359312841,0.0
0,wVMF,4,GMM,0.5914836893065953,0.05357494620666501,0.6579
0,wVMF,4,GME,0.7204542894437658,0.030655935901113297,0.0
0,wVMF,4,VMF,0.17310572247683864,0.030537325291620475,0.0
0,wVMF,4,wVMF,0.36803001194315293,0.03266897422452405,0.0
0,wVMF,4,true,0.335291703888913,0.03053854974585461,0.0
0,wVMF,4,GMM,0.5727818610498625,0.07044907052380753,0.5246999999999999
0,wVMF,4,GME,0.693072529334889,0.030720161512821354,0.0
0,wVMF,4,VMF,0.17431403780420948,0.03063757680527999,0.0
0,wVMF,4,wVMF,0.38238180807438227,0.03346148609221771,0.0
0,wVMF,4,true,0.34178866655596796,0.030643327440829253,0.0
0,wVMF,4,GMM,0.5319496649756228,0.06249165512984902,0.5031
0,wVMF,4,GME,0.6626272712762791,0.032196830624707067,0.0001
0,wVMF,4,VMF,0.17427129182930493,0.032100185341521995,0.0002
0,wVMF,4,wVMF,0.37351380549201674,0.0391403275573284,0.0001
0,wVMF,4,true,0.34484054206350334,0.03210556808719676,0.0002
0,wVMF,4,GMM,0.590331869316502,0.05147606381280947,0.6560000000000001
0,wVMF,4,GME,0.7262523099775121,0.03153032519182515,0.0
0,wVMF,4,VMF,0.17386139255545593,0.03143503186410602,0.0
0,wVMF,4,wVMF,0.37393868927692736,0.03338650774752209,0.0
0,wVMF,4,true,0.34108260730098333,0.03145328626754828,0.0
0,wVMF,4,GMM,0.5398218442437933,0.048874166613619305,0.6539
0,wVMF,4,GME,0.6844642078231093,0.03243830171350648,0.0
0,wVMF,4,VMF,0.17340312001898078,0.03229079403404636,0.0
0,wVMF,4,wVMF,0.38803256658022656,0.03664803216109219,0.0
0,wVMF,4,true,0.34984223149253335,0.03229191737158556,0.0
0,wVMF,4,GMM,0.5128202212783056,0.049973903593759986,0.6538
0,wVMF,4,GME,0.654930484136462,0.031100300182317474,0.0
0,wVMF,4,VMF,0.17406085511984198,0.030987354566298652,0.0
0,wVMF,4,wVMF,0.3867536197137172,0.03559738418599045,0.0001
0,wVMF,4,true,0.349180121667185,0.030985701966418776,0.0
0,wVMF,4,GMM,0.5842645585139548,0.0645982307561644,0.49800000000000005
0,wVMF,4,GME,0.7052855304859003,0.03212229731785402,0.0
0,wVMF,4,VMF,0.17404784370055731,0.032014250687252624,0.0
0,wVMF,4,wVMF,0.36544313619109625,0.03741385170110453,0.0
0,wVMF,4,true,0.3366785019080446,0.03201202760247499,0.0
0,wVMF,4,GMM,0.5759503531266665,0.048918816473324044,0.6533000000000001
0,wVMF,4,GME,0.7148220194375658,0.032347517945671804,0.0
0,wVMF,4,VMF,0.17409375039686908,0.032243958357537114,0.0
0,wVMF,4,wVMF,0.3725003985653272,0.03431194192444757,0.0
0,wVMF,4,true,0.34431133635889843,0.032245610167690134,0.0
0,wVMF,4,GMM,0.5148532927919851,0.048873722510969095,0.6553
0,wVMF,4,GME,0.6646955755949839,0.047397803360568126,0.3669
0,wVMF,4,VMF,0.17377708186051036,0.03151486685976078,0.0
0,wVMF,4,wVMF,0.3925899026403192,0.035824822208299856,0.0
0,wVMF,4,true,0.3498917854497313,0.03151748352896916,0.0
0,wVMF,4,GMM,0.46187385477185927,0.043579133671234005,0.6584000000000001
0,wVMF,4,GME,0.6078047446797052,0.032432186819747084,0.00030000000000000003
0,wVMF,4,VMF,0.1737952362745328,0.03232455623347036,0.00030000000000000003
0,wVMF,4,wVMF,0.39136135637198466,0.040130930229793214,0.0007
0,wVMF,4,true,0.35499749893803034,0.03230173001377675,0.00030000000000000003
0,wVMF,4,GMM,0.5266278190160973,0.047270406993327116,0.6557999999999999
0,wVMF,4,GME,0.6722717143729768,0.031629182716631475,0.0
0,wVMF,4,VMF,0.1729588295980542,0.031519342263719594,0.0
0,wVMF,4,wVMF,0.38686388723511955,0.037107592621276934,0.0
0,wVMF,4,true,0.3476602026059218,0.03151488587387544,0.0
0,wVMF,4,GMM,0.510502142220612,0.052903665796886476,0.6514
0,wVMF,4,GME,0.6497773073993641,0.032835348268199574,0.0002
0,wVMF,4,VMF,0.17344429386542468,0.03273407569084573,0.0002
0,wVMF,4,wVMF,0.4061622737948539,0.038596451694703465,0.0002
0,wVMF,4,true,0.36064672471215975,0.03274167561208802,0.0002
0,wVMF,4,GMM,0.5315732650963533,0.04963213958998443,0.6565000000000001
0,wVMF,4,GME,0.6748328112783967,0.031013786851270507,0.0
0,wVMF,4,VMF,0.17300288461363642,0.0308600090031259,0.0
0,wVMF,4,wVMF,0.37836074287598,0.034549587311222,0.0
0,wVMF,4,true,0.3423464060447195,0.03087042447052236,0.0
0,wVMF,4,GMM,0.4931415710034437,0.0639285370519582,0.49980000000000013
0,wVMF,4,GME,0.6191081317658333,0.03266232412315129,0.0
0,wVMF,4,VMF,0.1736858029543113,0.032577572050475276,0.0001
0,wVMF,4,wVMF,0.40949900200245704,0.04112946803956635,0.0
0,wVMF,4,true,0.36539464546045713,0.03256960701980634,0.0001
0,wVMF,4,GMM,0.5043233697326747,0.04848990835132385,0.6583
0,wVMF,4,GME,0.6511676067698369,0.03228124087694832,0.0
0,wVMF,4,VMF,0.17312474519510065,0.032150917046682825,0.0
0,wVMF,4,wVMF,0.39388975974110235,0.037819869420491585,0.0
0,wVMF,4,true,0.3545496258713421,0.032160263850059136,0.0
0,wVMF,4,GMM,0.5730023575132848,0.046774838802326454,0.6541
0,wVMF,4,GME,0.713678759474082,0.03194605779556107,0.0
0,wVMF,4,VMF,0.17397873173352427,0.031833476135398824,0.0
0,wVMF,4,wVMF,0.371046704006097,0.03570701589168997,0.0
0,wVMF,4,true,0.3386783834884118,0.031847046126619115,0.0
0,wVMF,4,GMM,0.510624983645257,0.04899605227984859,0.6519
0,wVMF,4,GME,0.6545564176672173,0.03206156511390449,0.0001
0,wVMF,4,VMF,0.17306117569252905,0.03194402520964793,0.0001
0,wVMF,4,wVMF,0.3806904854682483,0.038414107969100164,0.00030000000000000003
0,wVMF,4,true,0.34703283898864545,0.03194163166455949,0.0001
0,wVMF,4,GMM,0.5286312044231333,0.04639232160265022,0.6610000000000001
0,wVMF,4,GME,0.6754919326096223,0.03127679803061882,0.0
0,wVMF,4,VMF,0.17350003160566047,0.031173249475759085,0.0
0,wVMF,4,wVMF,0.38286680422623914,0.034846562613760096,0.0
0,wVMF,4,true,0.3450587727536557,0.031187405583915175,0.0
